Sample_ID,Split
S02330,train
S04368,train
S10105,train
S12622,train
S11286,train
S15344,train
S04099,train
S16231,train
S13602,train
S07901,train
S04852,train
S11796,train
S11920,train
S04336,train
S17555,train
S10820,train
S05988,train
S03072,train
S10964,train
S18401,train
S15451,train
S05120,train
S08960,train
S17083,train
S14613,train
S17021,train
S01985,train
S04925,train
S12830,train
S06313,train
S17180,train
S13362,train
S02107,train
S05810,train
S05432,train
S06120,train
S10839,train
S00313,train
S03918,train
S02070,train
S18335,train
S01889,train
S15275,train
S05680,train
S02645,train
S01637,train
S17539,train
S09392,train
S07636,train
S05115,train
S06887,train
S18513,train
S11494,train
S19688,train
S18272,train
S13437,train
S10893,train
S08010,train
S16391,train
S09597,train
S09422,train
S03307,train
S11002,train
S15437,train
S02367,train
S17125,train
S07303,train
S01368,train
S13736,train
S09743,train
S04775,train
S08260,train
S05179,train
S12992,train
S03111,train
S05595,train
S16697,train
S02611,train
S17290,train
S01864,train
S02393,train
S08954,train
S05325,train
S04203,train
S17766,train
S15981,train
S04762,train
S12911,train
S05032,train
S04355,train
S06934,train
S19173,train
S02036,train
S00203,train
S18743,train
S09532,train
S00626,train
S19915,train
S11480,train
S00659,train
S07479,train
S06334,train
S06392,train
S03366,train
S06055,train
S11577,train
S03772,train
S06075,train
S06727,train
S12989,train
S09875,train
S12319,train
S08317,train
S19598,train
S11422,train
S02672,train
S00840,train
S18322,train
S13906,train
S02329,train
S13028,train
S03490,train
S05869,train
S05213,train
S02811,train
S03097,train
S02145,train
S19682,train
S07232,train
S06068,train
S11114,train
S07804,train
S13734,train
S03241,train
S17580,train
S08373,train
S01173,train
S10583,train
S11355,train
S12498,train
S10553,train
S03047,train
S05953,train
S06717,train
S07989,train
S01707,train
S05758,train
S05852,train
S08277,train
S16617,train
S03198,train
S08791,train
S14951,train
S07845,train
S19113,train
S05809,train
S05806,train
S17094,train
S19134,train
S04377,train
S18432,train
S03829,train
S04954,train
S16065,train
S13089,train
S03288,train
S10751,train
S02832,train
S08650,train
S19971,train
S02746,train
S12617,train
S12356,train
S17245,train
S03341,train
S15541,train
S17375,train
S08103,train
S03739,train
S19274,train
S10918,train
S13142,train
S17626,train
S07594,train
S11561,train
S05884,train
S10821,train
S15311,train
S01191,train
S16843,train
S13842,train
S16386,train
S00523,train
S05062,train
S01403,train
S16314,train
S13531,train
S02108,train
S04588,train
S13504,train
S06582,train
S02649,train
S16412,train
S03511,train
S18285,train
S18820,train
S14210,train
S06459,train
S10350,train
S13055,train
S10598,train
S19148,train
S11364,train
S16150,train
S12237,train
S13899,train
S12401,train
S04885,train
S17558,train
S19979,train
S01868,train
S07882,train
S18091,train
S03701,train
S19323,train
S18613,train
S16595,train
S05554,train
S03470,train
S06388,train
S01419,train
S10320,train
S19125,train
S02225,train
S00937,train
S08598,train
S05408,train
S10103,train
S05225,train
S06818,train
S14372,train
S19827,train
S09986,train
S10332,train
S07746,train
S06063,train
S04543,train
S13226,train
S15584,train
S07061,train
S06999,train
S11412,train
S05331,train
S03171,train
S17122,train
S19726,train
S08874,train
S16335,train
S08197,train
S01781,train
S05505,train
S16509,train
S05965,train
S16712,train
S09993,train
S15178,train
S11215,train
S19077,train
S14735,train
S17517,train
S09944,train
S04093,train
S11768,train
S00726,train
S00310,train
S09167,train
S01698,train
S10880,train
S10475,train
S13538,train
S13670,train
S00561,train
S07559,train
S04154,train
S08013,train
S17128,train
S17611,train
S05418,train
S14331,train
S04903,train
S10907,train
S15629,train
S02636,train
S09284,train
S10218,train
S19356,train
S05592,train
S17287,train
S03513,train
S19924,train
S04581,train
S01103,train
S19373,train
S00116,train
S08265,train
S08705,train
S10723,train
S07607,train
S15965,train
S07897,train
S01139,train
S15996,train
S06972,train
S06400,train
S14848,train
S06801,train
S16833,train
S14500,train
S18737,train
S16889,train
S07435,train
S10922,train
S10183,train
S09501,train
S16211,train
S00099,train
S19212,train
S13664,train
S12072,train
S09235,train
S03320,train
S08552,train
S01455,train
S00451,train
S17968,train
S02983,train
S03144,train
S11390,train
S03206,train
S11001,train
S00795,train
S00158,train
S05920,train
S15237,train
S03010,train
S07790,train
S09923,train
S08895,train
S05267,train
S10367,train
S04512,train
S19062,train
S19171,train
S10467,train
S17920,train
S10012,train
S01329,train
S19590,train
S12244,train
S00577,train
S05300,train
S18502,train
S18563,train
S11986,train
S00446,train
S14142,train
S05196,train
S06667,train
S02452,train
S03564,train
S00707,train
S12083,train
S10024,train
S09640,train
S04501,train
S18674,train
S01774,train
S06901,train
S06665,train
S17653,train
S14312,train
S18519,train
S02392,train
S10837,train
S06089,train
S04386,train
S19277,train
S16773,train
S14208,train
S18300,train
S18848,train
S03391,train
S09999,train
S17824,train
S09863,train
S12236,train
S05861,train
S12468,train
S04638,train
S06932,train
S06900,train
S03066,train
S08166,train
S01801,train
S09043,train
S11449,train
S12058,train
S08803,train
S02162,train
S16564,train
S00326,train
S05357,train
S16888,train
S19986,train
S06942,train
S02358,train
S11223,train
S01278,train
S07862,train
S16467,train
S12946,train
S19228,train
S15990,train
S13574,train
S05277,train
S12001,train
S00537,train
S14677,train
S04213,train
S19104,train
S04870,train
S14715,train
S18721,train
S08998,train
S04949,train
S03473,train
S04363,train
S05008,train
S15031,train
S16415,train
S17300,train
S07692,train
S18334,train
S05563,train
S16179,train
S13790,train
S09526,train
S12986,train
S04464,train
S15211,train
S11433,train
S04304,train
S13539,train
S05209,train
S19378,train
S12916,train
S13088,train
S03216,train
S08673,train
S02557,train
S15936,train
S14176,train
S06148,train
S15147,train
S08098,train
S19310,train
S13108,train
S16652,train
S04006,train
S00280,train
S11665,train
S06881,train
S12299,train
S17233,train
S10133,train
S15591,train
S02691,train
S11770,train
S01409,train
S02065,train
S17543,train
S04447,train
S15117,train
S15197,train
S09430,train
S10000,train
S03785,train
S07436,train
S08918,train
S11387,train
S15551,train
S10743,train
S14851,train
S00089,train
S11398,train
S15906,train
S14257,train
S05576,train
S19399,train
S18041,train
S09737,train
S19056,train
S00676,train
S17897,train
S00198,train
S17657,train
S17672,train
S05568,train
S12560,train
S03991,train
S01977,train
S15272,train
S04574,train
S01385,train
S16313,train
S04537,train
S18635,train
S19294,train
S17834,train
S13954,train
S04652,train
S05296,train
S12920,train
S12592,train
S00686,train
S08319,train
S09462,train
S07745,train
S09830,train
S16480,train
S03495,train
S04039,train
S17668,train
S04209,train
S05239,train
S04545,train
S14807,train
S01881,train
S11971,train
S04556,train
S11473,train
S05574,train
S01776,train
S13994,train
S14849,train
S13784,train
S00688,train
S03687,train
S11341,train
S03143,train
S16431,train
S09229,train
S12748,train
S15207,train
S08864,train
S05593,train
S05743,train
S03365,train
S10813,train
S16528,train
S05812,train
S01556,train
S14869,train
S10302,train
S06514,train
S06843,train
S14513,train
S02764,train
S08457,train
S01171,train
S02451,train
S18984,train
S01635,train
S13601,train
S18196,train
S04742,train
S18434,train
S03585,train
S09596,train
S03774,train
S02603,train
S04943,train
S18728,train
S08403,train
S10801,train
S09534,train
S15548,train
S14216,train
S14168,train
S08177,train
S13850,train
S13591,train
S00922,train
S09358,train
S01784,train
S09612,train
S04250,train
S08002,train
S08988,train
S15339,train
S14136,train
S19445,train
S03689,train
S18828,train
S05063,train
S10140,train
S10935,train
S06761,train
S06195,train
S19307,train
S07601,train
S01826,train
S03669,train
S05629,train
S15532,train
S11619,train
S19336,train
S18160,train
S04359,train
S06834,train
S17436,train
S00250,train
S15471,train
S11023,train
S13034,train
S01769,train
S00081,train
S11699,train
S15141,train
S00327,train
S18315,train
S09092,train
S00917,train
S10155,train
S13958,train
S08121,train
S16640,train
S12634,train
S08331,train
S10180,train
S03129,train
S10725,train
S14988,train
S04486,train
S07976,train
S17272,train
S04460,train
S17980,train
S07629,train
S11158,train
S09646,train
S19422,train
S09879,train
S06019,train
S09949,train
S04123,train
S14131,train
S17609,train
S15486,train
S15401,train
S03638,train
S01855,train
S10616,train
S08039,train
S15745,train
S16946,train
S13780,train
S07065,train
S17441,train
S07935,train
S12096,train
S08844,train
S07813,train
S05733,train
S03052,train
S07874,train
S19967,train
S15074,train
S09740,train
S08054,train
S17707,train
S19372,train
S03840,train
S09641,train
S00825,train
S02231,train
S16498,train
S18002,train
S15606,train
S05582,train
S05097,train
S11631,train
S12353,train
S18583,train
S05688,train
S13729,train
S07147,train
S19560,train
S01501,train
S16091,train
S17961,train
S10124,train
S19926,train
S17346,train
S12966,train
S18938,train
S19709,train
S17172,train
S05681,train
S02989,train
S14804,train
S16169,train
S01578,train
S15021,train
S16056,train
S13901,train
S04226,train
S02319,train
S14039,train
S00890,train
S10132,train
S02725,train
S14265,train
S13511,train
S00038,train
S05557,train
S01290,train
S04451,train
S15633,train
S19092,train
S10786,train
S12141,train
S13773,train
S14979,train
S02841,train
S05883,train
S01019,train
S15755,train
S02372,train
S12593,train
S03806,train
S02622,train
S10053,train
S05531,train
S04612,train
S00464,train
S17959,train
S02186,train
S17016,train
S11434,train
S14398,train
S07654,train
S18084,train
S07730,train
S08515,train
S00898,train
S17136,train
S01638,train
S14112,train
S17383,train
S00559,train
S10684,train
S03626,train
S15241,train
S19287,train
S06336,train
S02661,train
S16842,train
S08323,train
S19028,train
S14953,train
S00740,train
S09130,train
S09087,train
S05321,train
S17841,train
S02217,train
S11733,train
S05356,train
S10370,train
S11015,train
S03179,train
S19033,train
S12870,train
S01351,train
S09212,train
S09562,train
S03627,train
S05499,train
S09411,train
S08691,train
S00528,train
S04764,train
S01747,train
S09228,train
S18292,train
S18114,train
S00524,train
S09851,train
S09958,train
S12043,train
S13808,train
S17641,train
S11124,train
S03678,train
S01340,train
S02403,train
S01234,train
S17144,train
S00550,train
S18261,train
S13779,train
S03358,train
S01598,train
S00484,train
S12743,train
S18983,train
S06136,train
S18951,train
S00207,train
S15663,train
S16447,train
S04621,train
S00984,train
S02492,train
S18886,train
S03686,train
S14568,train
S10062,train
S12709,train
S14198,train
S06308,train
S02039,train
S14718,train
S08164,train
S18203,train
S09172,train
S08796,train
S05638,train
S19937,train
S02005,train
S02175,train
S14697,train
S14795,train
S11076,train
S01454,train
S06827,train
S14348,train
S11582,train
S08332,train
S01535,train
S13721,train
S01498,train
S17315,train
S00751,train
S07694,train
S18593,train
S16441,train
S01893,train
S02160,train
S08464,train
S18555,train
S04818,train
S18972,train
S18718,train
S19129,train
S18370,train
S19686,train
S16989,train
S11799,train
S13012,train
S04649,train
S15056,train
S12143,train
S01746,train
S19036,train
S03193,train
S18741,train
S06310,train
S10752,train
S03920,train
S11909,train
S07445,train
S10843,train
S05902,train
S05471,train
S11742,train
S00147,train
S15375,train
S04037,train
S00062,train
S13932,train
S18398,train
S09578,train
S05387,train
S00347,train
S12788,train
S07495,train
S07511,train
S03318,train
S10253,train
S08217,train
S13621,train
S17534,train
S15266,train
S07380,train
S11870,train
S06725,train
S10955,train
S15520,train
S05121,train
S09414,train
S14452,train
S04776,train
S03649,train
S12563,train
S04353,train
S09684,train
S09847,train
S03747,train
S14573,train
S14315,train
S14421,train
S02584,train
S16898,train
S00140,train
S05655,train
S12395,train
S12321,train
S12552,train
S03611,train
S11729,train
S10120,train
S15765,train
S10117,train
S11388,train
S06548,train
S12871,train
S08982,train
S03220,train
S16153,train
S02715,train
S08385,train
S15855,train
S03161,train
S04593,train
S05532,train
S15198,train
S02177,train
S05915,train
S05480,train
S03426,train
S04033,train
S16702,train
S18608,train
S10440,train
S07239,train
S00677,train
S10058,train
S05859,train
S00567,train
S05683,train
S17860,train
S18204,train
S14185,train
S08271,train
S11704,train
S18932,train
S04179,train
S15003,train
S08057,train
S14187,train
S19076,train
S16798,train
S11008,train
S00348,train
S02096,train
S03062,train
S10700,train
S19209,train
S07325,train
S16558,train
S10605,train
S05332,train
S05439,train
S03671,train
S08773,train
S00533,train
S03278,train
S01869,train
S19403,train
S03769,train
S06167,train
S16139,train
S09715,train
S12291,train
S11983,train
S09703,train
S18470,train
S11657,train
S19643,train
S13647,train
S16619,train
S11216,train
S00447,train
S03188,train
S18465,train
S00909,train
S16995,train
S16570,train
S06050,train
S06899,train
S16345,train
S12008,train
S11727,train
S18360,train
S02232,train
S09012,train
S15599,train
S15636,train
S15411,train
S14813,train
S16607,train
S09991,train
S04893,train
S16950,train
S16087,train
S07904,train
S08585,train
S14602,train
S19700,train
S16502,train
S14925,train
S06697,train
S07571,train
S04523,train
S17033,train
S05623,train
S06024,train
S02139,train
S07564,train
S15714,train
S13095,train
S08381,train
S14336,train
S09058,train
S02289,train
S13441,train
S04018,train
S04255,train
S18708,train
S07385,train
S18011,train
S13597,train
S18999,train
S11698,train
S02161,train
S05058,train
S19136,train
S18384,train
S04432,train
S05174,train
S18182,train
S11504,train
S12738,train
S07593,train
S10706,train
S03663,train
S06954,train
S19091,train
S14436,train
S08478,train
S08933,train
S18475,train
S18832,train
S12318,train
S02643,train
S11153,train
S10415,train
S02347,train
S06643,train
S13846,train
S00128,train
S17398,train
S12310,train
S07207,train
S04980,train
S01704,train
S00705,train
S02825,train
S16649,train
S07496,train
S11623,train
S09020,train
S15964,train
S11318,train
S03351,train
S19504,train
S17467,train
S06766,train
S19975,train
S09107,train
S00103,train
S04127,train
S01366,train
S00080,train
S02681,train
S14949,train
S07747,train
S09805,train
S00034,train
S05190,train
S10356,train
S08869,train
S11935,train
S16886,train
S15530,train
S05853,train
S19072,train
S16246,train
S12482,train
S15356,train
S10533,train
S17386,train
S11829,train
S11596,train
S17161,train
S00020,train
S10742,train
S03236,train
S01224,train
S05903,train
S14060,train
S02667,train
S06533,train
S01344,train
S14880,train
S13848,train
S09171,train
S08365,train
S03496,train
S11452,train
S06663,train
S10069,train
S11056,train
S08531,train
S13035,train
S04883,train
S11020,train
S07342,train
S06159,train
S19840,train
S03910,train
S06872,train
S19715,train
S15837,train
S04026,train
S02549,train
S10141,train
S14073,train
S02134,train
S18774,train
S06165,train
S09616,train
S15616,train
S18927,train
S16372,train
S05362,train
S01982,train
S06269,train
S07835,train
S11580,train
S12840,train
S01513,train
S07991,train
S15668,train
S15679,train
S07776,train
S19327,train
S00132,train
S06193,train
S02922,train
S12424,train
S01365,train
S14512,train
S13195,train
S16451,train
S00915,train
S16969,train
S15268,train
S18604,train
S10172,train
S19257,train
S16914,train
S12858,train
S06458,train
S07159,train
S05787,train
S00674,train
S15163,train
S11642,train
S09234,train
S16534,train
S16121,train
S09313,train
S17501,train
S04080,train
S14462,train
S17992,train
S05661,train
S09979,train
S13167,train
S19275,train
S05161,train
S17059,train
S18952,train
S07520,train
S04615,train
S17291,train
S18289,train
S13907,train
S04410,train
S06343,train
S08033,train
S18505,train
S13572,train
S09177,train
S11547,train
S03756,train
S02917,train
S13778,train
S12202,train
S04423,train
S09718,train
S00439,train
S16917,train
S07201,train
S04384,train
S16621,train
S10130,train
S16142,train
S15037,train
S07763,train
S02412,train
S03192,train
S01779,train
S19297,train
S13432,train
S18098,train
S09922,train
S19455,train
S16828,train
S12615,train
S01780,train
S05406,train
S13680,train
S04169,train
S13223,train
S03780,train
S01064,train
S12700,train
S13371,train
S16704,train
S17204,train
S13592,train
S08763,train
S08202,train
S14515,train
S08462,train
S00063,train
S19908,train
S16952,train
S15378,train
S14072,train
S04622,train
S00807,train
S19326,train
S19233,train
S04971,train
S04696,train
S07765,train
S05034,train
S09617,train
S12307,train
S12879,train
S12078,train
S00502,train
S07386,train
S03488,train
S03476,train
S17714,train
S19141,train
S17454,train
S07546,train
S15660,train
S16317,train
S16851,train
S08016,train
S09040,train
S04609,train
S17293,train
S11339,train
S03518,train
S13798,train
S16393,train
S02078,train
S02431,train
S18980,train
S14855,train
S04837,train
S13755,train
S02022,train
S10517,train
S06868,train
S13255,train
S11226,train
S16324,train
S13853,train
S14387,train
S12044,train
S01267,train
S08618,train
S04312,train
S09802,train
S17264,train
S11797,train
S01056,train
S01739,train
S15861,train
S12414,train
S14327,train
S00285,train
S17102,train
S09945,train
S19990,train
S10677,train
S07015,train
S08408,train
S13992,train
S11249,train
S05076,train
S07426,train
S16430,train
S02198,train
S05723,train
S06327,train
S07416,train
S06303,train
S03853,train
S00862,train
S02156,train
S15010,train
S03253,train
S02705,train
S06816,train
S17894,train
S19630,train
S05928,train
S15897,train
S05055,train
S14104,train
S19066,train
S00992,train
S03398,train
S03873,train
S03322,train
S16772,train
S16679,train
S05324,train
S17314,train
S02997,train
S16855,train
S13658,train
S12134,train
S10729,train
S01484,train
S16792,train
S11399,train
S16755,train
S06920,train
S06442,train
S19359,train
S13761,train
S12162,train
S01423,train
S10659,train
S08410,train
S16569,train
S13356,train
S12779,train
S10508,train
S18969,train
S00775,train
S02286,train
S04815,train
S05618,train
S05549,train
S01818,train
S12149,train
S00634,train
S04526,train
S00183,train
S14409,train
S08746,train
S08485,train
S18330,train
S19023,train
S07310,train
S14460,train
S19221,train
S04148,train
S05789,train
S12900,train
S00074,train
S16484,train
S17408,train
S04643,train
S15172,train
S00432,train
S01532,train
S08993,train
S10631,train
S12829,train
S18340,train
S07181,train
S17592,train
S14608,train
S01943,train
S17216,train
S10542,train
S08729,train
S08087,train
S14280,train
S02573,train
S03447,train
S08823,train
S07917,train
S19581,train
S01162,train
S14625,train
S11047,train
S10115,train
S14939,train
S00704,train
S16542,train
S17101,train
S19723,train
S17014,train
S10730,train
S12196,train
S11541,train
S02981,train
S06379,train
S08146,train
S03612,train
S11674,train
S00793,train
S16495,train
S15409,train
S07391,train
S03538,train
S18147,train
S02982,train
S13852,train
S17048,train
S02210,train
S04004,train
S19495,train
S10447,train
S09681,train
S14692,train
S13514,train
S19774,train
S15999,train
S17234,train
S19055,train
S09765,train
S18637,train
S18556,train
S08031,train
S01114,train
S16071,train
S04475,train
S19154,train
S05508,train
S14664,train
S12411,train
S09310,train
S09037,train
S12070,train
S16716,train
S18921,train
S04421,train
S06181,train
S00079,train
S13832,train
S04894,train
S00390,train
S10932,train
S08411,train
S11026,train
S02550,train
S11602,train
S02938,train
S06534,train
S02052,train
S15545,train
S09166,train
S19057,train
S16562,train
S11865,train
S18459,train
S14614,train
S07217,train
S17299,train
S14571,train
S01280,train
S19577,train
S14962,train
S03795,train
S14059,train
S12161,train
S07677,train
S15713,train
S07858,train
S13440,train
S15872,train
S08288,train
S13053,train
S19909,train
S10110,train
S18955,train
S00165,train
S12005,train
S12198,train
S14042,train
S18324,train
S15895,train
S02140,train
S13575,train
S12948,train
S06865,train
S00007,train
S05458,train
S02242,train
S14403,train
S02199,train
S02189,train
S12548,train
S17694,train
S15183,train
S15892,train
S06013,train
S06097,train
S13530,train
S08862,train
S16350,train
S01797,train
S18582,train
S08867,train
S09887,train
S18776,train
S17822,train
S08989,train
S18126,train
S19799,train
S10807,train
S10864,train
S12688,train
S10816,train
S12450,train
S03034,train
S07111,train
S16653,train
S08234,train
S09677,train
S12292,train
S00190,train
S15750,train
S00117,train
S10256,train
S11267,train
S18642,train
S07819,train
S06340,train
S15180,train
S14224,train
S09356,train
S03485,train
S02979,train
S03084,train
S15466,train
S15292,train
S12261,train
S00110,train
S06420,train
S01158,train
S17169,train
S15282,train
S05227,train
S13764,train
S05653,train
S00377,train
S17067,train
S15174,train
S10260,train
S13544,train
S15915,train
S09572,train
S17181,train
S10772,train
S19678,train
S07360,train
S02206,train
S07299,train
S05538,train
S09278,train
S12431,train
S18420,train
S04319,train
S07909,train
S11419,train
S02461,train
S10095,train
S00506,train
S19964,train
S11675,train
S04631,train
S08830,train
S01844,train
S16074,train
S00218,train
S15220,train
S13418,train
S16998,train
S00040,train
S01767,train
S16128,train
S08878,train
S01078,train
S04611,train
S12136,train
S10704,train
S06178,train
S02118,train
S02248,train
S15120,train
S07060,train
S05777,train
S03350,train
S05546,train
S15338,train
S04051,train
S04437,train
S14355,train
S05416,train
S10628,train
S16458,train
S14830,train
S08500,train
S13789,train
S07438,train
S05255,train
S19447,train
S10227,train
S10594,train
S18821,train
S15184,train
S07689,train
S17523,train
S08816,train
S12543,train
S00737,train
S06779,train
S01773,train
S09685,train
S06922,train
S08082,train
S08901,train
S04781,train
S11589,train
S06095,train
S00861,train
S11847,train
S06447,train
S18931,train
S13708,train
S11298,train
S09627,train
S12093,train
S15748,train
S17040,train
S04600,train
S01894,train
S14702,train
S00738,train
S03116,train
S07115,train
S16944,train
S03674,train
S05660,train
S05370,train
S15922,train
S14638,train
S00422,train
S10600,train
S05904,train
S18827,train
S08997,train
S08699,train
S19626,train
S16144,train
S07821,train
S14191,train
S01037,train
S09770,train
S10799,train
S13652,train
S17231,train
S09933,train
S11524,train
S10766,train
S01478,train
S01790,train
S02144,train
S17536,train
S02520,train
S00569,train
S03605,train
S08615,train
S08417,train
S04668,train
S02024,train
S12091,train
S13697,train
S06791,train
S14995,train
S06762,train
S13134,train
S10892,train
S19405,train
S09920,train
S07769,train
S17458,train
S06216,train
S12108,train
S04427,train
S19443,train
S07202,train
S13968,train
S12567,train
S12434,train
S11856,train
S04162,train
S10094,train
S07943,train
S14817,train
S13947,train
S06326,train
S00945,train
S15161,train
S15167,train
S18790,train
S01614,train
S10436,train
S15088,train
S02916,train
S00870,train
S17525,train
S17950,train
S14864,train
S03472,train
S14747,train
S18726,train
S11500,train
S08660,train
S07456,train
S02850,train
S06584,train
S05339,train
S06815,train
S14508,train
S03947,train
S00003,train
S05103,train
S18709,train
S13896,train
S04257,train
S12316,train
S10439,train
S08364,train
S06525,train
S15526,train
S03693,train
S02027,train
S18445,train
S10194,train
S06375,train
S06919,train
S08029,train
S09277,train
S07651,train
S17638,train
S04674,train
S14972,train
S16210,train
S07049,train
S14630,train
S04088,train
S15963,train
S10727,train
S05630,train
S12898,train
S05068,train
S18254,train
S10487,train
S07679,train
S10086,train
S12040,train
S05982,train
S04133,train
S11592,train
S13599,train
S13627,train
S14779,train
S13640,train
S16821,train
S11383,train
S18757,train
S12969,train
S09307,train
S18302,train
S07053,train
S17521,train
S00425,train
S00535,train
S07884,train
S16478,train
S00597,train
S10003,train
S12400,train
S09320,train
S03593,train
S10633,train
S17058,train
S04801,train
S02154,train
S03711,train
S01680,train
S09272,train
S10369,train
S05140,train
S01274,train
S12290,train
S16374,train
S00168,train
S17783,train
S16115,train
S06573,train
S00875,train
S00931,train
S02819,train
S13630,train
S12019,train
S13611,train
S12851,train
S11929,train
S18456,train
S07803,train
S19653,train
S02552,train
S19541,train
S00308,train
S11946,train
S00017,train
S01414,train
S03844,train
S10295,train
S06110,train
S17304,train
S01867,train
S17905,train
S09820,train
S04797,train
S01840,train
S02023,train
S18577,train
S12952,train
S10534,train
S16051,train
S16796,train
S18321,train
S15947,train
S05284,train
S06759,train
S12689,train
S10023,train
S16456,train
S06966,train
S17858,train
S04247,train
S06570,train
S10686,train
S15845,train
S06726,train
S07549,train
S07105,train
S09425,train
S01399,train
S00973,train
S19529,train
S15343,train
S10634,train
S02578,train
S01673,train
S07082,train
S14465,train
S02804,train
S13149,train
S13258,train
S02641,train
S06262,train
S16645,train
S04620,train
S13014,train
S12287,train
S14657,train
S11097,train
S18224,train
S11235,train
S02865,train
S04856,train
S09452,train
S06842,train
S17070,train
S17639,train
S16536,train
S02976,train
S15728,train
S10546,train
S17508,train
S11878,train
S14391,train
S07322,train
S04712,train
S00905,train
S07110,train
S04090,train
S17877,train
S06634,train
S03170,train
S07682,train
S07171,train
S07211,train
S01555,train
S04694,train
S09882,train
S16862,train
S05212,train
S04400,train
S13856,train
S19537,train
S01012,train
S04527,train
S11910,train
S05033,train
S12130,train
S10163,train
S11901,train
S11613,train
S07801,train
S13312,train
S06753,train
S03078,train
S03441,train
S02197,train
S06339,train
S14934,train
S17341,train
S03975,train
S05827,train
S00877,train
S16524,train
S17998,train
S00096,train
S06290,train
S00397,train
S19038,train
S01649,train
S05226,train
S13438,train
S19663,train
S12022,train
S07762,train
S06506,train
S12735,train
S14635,train
S16737,train
S16975,train
S02839,train
S02864,train
S10309,train
S09859,train
S10179,train
S04132,train
S12125,train
S14921,train
S12942,train
S16584,train
S13565,train
S18928,train
S00480,train
S00189,train
S11011,train
S17127,train
S18430,train
S10503,train
S18008,train
S10665,train
S15596,train
S14114,train
S06410,train
S02147,train
S13369,train
S09652,train
S19322,train
S02448,train
S15561,train
S06913,train
S17432,train
S07852,train
S18823,train
S06053,train
S12256,train
S01286,train
S01486,train
S12251,train
S17719,train
S03737,train
S16609,train
S00323,train
S17177,train
S19341,train
S03879,train
S12937,train
S10211,train
S02775,train
S19739,train
S09780,train
S17869,train
S19763,train
S15364,train
S07474,train
S11970,train
S16578,train
S08370,train
S15803,train
S08240,train
S08407,train
S00968,train
S16659,train
S09548,train
S11332,train
S03906,train
S18525,train
S16395,train
S03157,train
S10181,train
S06467,train
S12300,train
S01629,train
S16217,train
S03574,train
S14338,train
S02893,train
S11633,train
S05027,train
S15503,train
S00353,train
S14213,train
S11989,train
S04729,train
S08434,train
S17423,train
S01228,train
S01017,train
S12676,train
S10603,train
S05210,train
S13648,train
S12439,train
S08661,train
S04164,train
S19532,train
S05761,train
S14785,train
S03223,train
S14734,train
S11347,train
S06109,train
S07397,train
S10884,train
S01662,train
S17666,train
S11356,train
S13268,train
S01245,train
S10865,train
S19226,train
S01568,train
S03185,train
S11024,train
S07883,train
S16865,train
S03251,train
S00379,train
S07229,train
S07078,train
S15512,train
S05521,train
S03860,train
S07306,train
S02354,train
S17949,train
S07130,train
S16956,train
S10166,train
S00469,train
S01675,train
S08905,train
S01757,train
S18640,train
S10030,train
S08785,train
S10198,train
S18703,train
S17206,train
S15242,train
S07635,train
S05699,train
S19548,train
S12775,train
S14400,train
S00772,train
S07871,train
S08465,train
S13126,train
S15654,train
S01564,train
S05893,train
S11295,train
S08560,train
S02092,train
S15536,train
S13868,train
S00026,train
S07407,train
S04046,train
S06895,train
S13620,train
S18111,train
S13074,train
S15092,train
S18220,train
S12694,train
S18029,train
S19046,train
S05973,train
S09867,train
S00042,train
S05571,train
S16084,train
S14046,train
S08964,train
S12152,train
S02975,train
S11259,train
S19897,train
S12148,train
S11445,train
S14861,train
S04260,train
S01791,train
S10647,train
S16243,train
S03938,train
S00011,train
S07343,train
S15631,train
S04554,train
S13665,train
S16832,train
S19423,train
S13895,train
S10104,train
S14043,train
S18533,train
S14648,train
S00444,train
S09913,train
S06967,train
S02510,train
S06732,train
S02576,train
S01317,train
S02129,train
S06096,train
S13535,train
S06332,train
S10067,train
S01203,train
S16850,train
S14622,train
S14496,train
S03908,train
S00510,train
S07891,train
S16202,train
S19750,train
S11565,train
S19480,train
S04678,train
S02618,train
S18480,train
S00228,train
S02657,train
S16381,train
S13159,train
S12031,train
S11051,train
S01300,train
S07145,train
S05180,train
S11342,train
S18801,train
S01292,train
S01487,train
S13787,train
S12746,train
S13160,train
S17186,train
S18759,train
S01348,train
S11893,train
S08290,train
S04686,train
S14277,train
S19721,train
S00657,train
S15540,train
S02562,train
S14669,train
S13754,train
S11655,train
S00121,train
S07455,train
S10195,train
S04288,train
S07225,train
S19180,train
S11762,train
S01802,train
S11232,train
S01835,train
S09475,train
S05919,train
S01302,train
S08655,train
S14521,train
S12157,train
S00012,train
S10331,train
S09857,train
S02337,train
S02821,train
S10449,train
S17347,train
S01184,train
S05259,train
S18526,train
S08219,train
S18771,train
S10116,train
S03249,train
S15609,train
S01093,train
S08842,train
S16795,train
S17902,train
S10604,train
S04845,train
S03738,train
S19801,train
S18367,train
S10387,train
S00212,train
S01552,train
S02602,train
S12749,train
S03837,train
S10826,train
S12891,train
S18388,train
S13834,train
S10004,train
S03330,train
S07756,train
S16967,train
S10756,train
S16590,train
S13776,train
S05070,train
S06489,train
S17091,train
S11400,train
S00201,train
S17427,train
S09858,train
S04891,train
S06875,train
S04571,train
S05797,train
S08390,train
S00711,train
S17704,train
S10099,train
S17750,train
S04773,train
S18780,train
S14740,train
S07727,train
S03289,train
S11693,train
S10263,train
S04582,train
S07627,train
S15793,train
S11132,train
S12928,train
S10927,train
S04326,train
S09224,train
S16909,train
S18752,train
S15193,train
S15941,train
S16015,train
S07022,train
S15472,train
S00159,train
S09701,train
S10125,train
S17199,train
S17103,train
S17573,train
S12475,train
S04605,train
S04009,train
S02368,train
S18061,train
S05581,train
S04178,train
S16953,train
S11408,train
S00445,train
S16104,train
S01622,train
S05373,train
S15847,train
S12167,train
S03036,train
S05164,train
S16654,train
S19206,train
S14343,train
S17876,train
S03210,train
S04172,train
S08015,train
S16191,train
S08688,train
S10738,train
S17601,train
S07463,train
S11576,train
S04487,train
S04951,train
S08338,train
S00595,train
S12408,train
S09608,train
S13246,train
S03128,train
S03480,train
S09478,train
S05785,train
S11712,train
S06924,train
S14572,train
S15386,train
S04218,train
S00041,train
S12854,train
S11527,train
S15648,train
S12075,train
S19713,train
S08369,train
S18923,train
S00343,train
S01502,train
S05043,train
S06965,train
S00869,train
S13091,train
S15377,train
S05674,train
S02325,train
S16641,train
S07093,train
S14347,train
S01782,train
S18630,train
S01304,train
S09654,train
S12725,train
S11175,train
S12102,train
S10863,train
S19593,train
S19039,train
S05791,train
S03245,train
S00468,train
S05671,train
S19606,train
S19571,train
S18027,train
S08201,train
S00356,train
S14482,train
S14018,train
S00252,train
S11515,train
S06574,train
S15371,train
S11876,train
S06052,train
S05477,train
S03186,train
S06775,train
S01557,train
S19107,train
S11072,train
S08883,train
S07648,train
S15901,train
S17118,train
S14644,train
S12575,train
S01640,train
S06693,train
S15478,train
S15434,train
S01743,train
S12692,train
S04165,train
S02349,train
S04029,train
S13330,train
S12212,train
S03566,train
S16423,train
S02426,train
S15672,train
S16330,train
S06119,train
S08948,train
S10212,train
S12068,train
S18507,train
S04149,train
S18076,train
S19178,train
S12477,train
S04909,train
S09693,train
S19117,train
S01141,train
S09710,train
S08214,train
S13342,train
S14147,train
S11880,train
S11866,train
S13190,train
S14166,train
S17281,train
S02734,train
S08487,train
S05679,train
S05195,train
S18724,train
S09719,train
S14012,train
S19145,train
S16356,train
S12465,train
S13993,train
S17738,train
S00716,train
S04970,train
S11379,train
S00043,train
S01803,train
S18154,train
S09553,train
S02933,train
S19164,train
S16846,train
S18865,train
S06151,train
S13766,train
S08977,train
S01729,train
S09306,train
S03267,train
S06824,train
S09469,train
S10082,train
S05713,train
S12308,train
S05639,train
S15023,train
S03493,train
S18262,train
S09773,train
S19019,train
S00967,train
S19251,train
S09967,train
S06057,train
S11680,train
S16764,train
S03922,train
S16747,train
S13925,train
S18799,train
S01428,train
S02093,train
S02596,train
S11253,train
S18686,train
S08613,train
S02126,train
S13021,train
S03408,train
S00054,train
S01446,train
S07850,train
S14539,train
S16081,train
S03481,train
S05301,train
S17062,train
S09907,train
S05899,train
S19218,train
S18930,train
S11254,train
S15385,train
S11146,train
S13068,train
S10668,train
S13874,train
S17754,train
S00101,train
S09590,train
S05467,train
S08825,train
S09917,train
S14245,train
S15462,train
S12621,train
S19906,train
S18777,train
S17530,train
S10928,train
S12875,train
S06274,train
S02110,train
S00001,train
S03942,train
S09700,train
S04324,train
S06512,train
S06330,train
S16400,train
S05319,train
S17831,train
S08932,train
S18696,train
S06484,train
S15099,train
S18527,train
S13345,train
S17345,train
S07143,train
S05715,train
S19396,train
S16323,train
S12160,train
S05627,train
S06298,train
S17633,train
S13445,train
S07167,train
S06417,train
S09783,train
S08275,train
S17884,train
S00151,train
S06104,train
S01921,train
S17294,train
S13953,train
S15216,train
S10127,train
S00814,train
S18947,train
S01119,train
S18124,train
S08957,train
S06482,train
S19074,train
S10572,train
S15810,train
S10362,train
S19818,train
S16343,train
S01659,train
S13826,train
S12803,train
S14993,train
S11410,train
S04822,train
S05364,train
S06527,train
S10563,train
S11737,train
S13311,train
S19130,train
S07415,train
S19674,train
S15634,train
S02881,train
S14230,train
S13910,train
S04185,train
S00010,train
S13914,train
S00376,train
S19836,train
S17421,train
S07235,train
S16804,train
S01896,train
S10199,train
S16691,train
S00719,train
S06090,train
S06028,train
S16587,train
S04988,train
S12331,train
S00388,train
S10690,train
S14143,train
S00864,train
S13944,train
S03580,train
S14537,train
S10280,train
S12997,train
S03151,train
S10242,train
S01827,train
S07395,train
S11688,train
S06077,train
S16118,train
S15407,train
S16413,train
S18904,train
S00746,train
S03090,train
S16993,train
S14748,train
S06250,train
S07346,train
S18511,train
S17132,train
S09963,train
S04106,train
S12950,train
S06469,train
S18139,train
S06951,train
S03266,train
S17711,train
S05923,train
S05018,train
S00400,train
S01912,train
S01281,train
S11608,train
S18009,train
S00022,train
S16511,train
S06231,train
S12253,train
S07405,train
S00130,train
S05310,train
S08912,train
S17472,train
S09493,train
S11512,train
S02275,train
S05142,train
S02001,train
S17302,train
S06323,train
S11009,train
S09198,train
S15997,train
S05950,train
S16457,train
S19272,train
S07332,train
S00918,train
S18843,train
S03498,train
S01551,train
S13098,train
S10243,train
S14038,train
S08800,train
S10580,train
S15829,train
S03464,train
S13782,train
S03419,train
S01876,train
S09678,train
S04540,train
S10582,train
S02807,train
S03284,train
S15641,train
S04278,train
S10050,train
S10341,train
S00126,train
S06953,train
S00384,train
S05147,train
S08066,train
S09441,train
S08466,train
S06278,train
S01359,train
S06699,train
S15349,train
S03243,train
S15866,train
S19862,train
S08897,train
S10208,train
S14201,train
S15644,train
S12814,train
S14783,train
S02227,train
S00135,train
S03697,train
S02295,train
S04760,train
S15771,train
S02837,train
S05989,train
S00382,train
S01357,train
S15957,train
S05355,train
S02272,train
S16294,train
S08441,train
S17047,train
S19383,train
S06183,train
S14883,train
S08626,train
S10951,train
S18094,train
S07857,train
S18560,train
S11083,train
S10473,train
S07947,train
S13332,train
S11913,train
S08189,train
S07606,train
S15799,train
S12571,train
S09946,train
S04236,train
S05283,train
S09523,train
S00208,train
S06409,train
S13590,train
S00291,train
S17895,train
S18524,train
S04159,train
S01807,train
S11317,train
S15481,train
S03454,train
S10200,train
S11012,train
S03396,train
S08246,train
S06295,train
S14915,train
S09119,train
S04182,train
S04880,train
S02533,train
S19884,train
S04754,train
S14933,train
S01654,train
S16232,train
S03767,train
S07462,train
S05265,train
S02926,train
S02787,train
S10758,train
S02847,train
S06488,train
S00387,train
S16253,train
S08135,train
S18589,train
S14871,train
S16571,train
S13585,train
S11150,train
S02044,train
S10123,train
S17763,train
S08611,train
S02274,train
S11877,train
S03989,train
S17061,train
S06905,train
S09932,train
S15733,train
S05365,train
S05289,train
S11897,train
S03764,train
S01239,train
S00205,train
S18692,train
S11301,train
S08151,train
S17155,train
S08123,train
S11858,train
S19468,train
S04335,train
S12027,train
S14094,train
S01918,train
S04500,train
S10879,train
S19974,train
S19413,train
S13370,train
S08745,train
S13963,train
S10089,train
S07295,train
S01227,train
S16600,train
S09063,train
S11628,train
S03866,train
S01088,train
S14591,train
S07121,train
S12438,train
S05465,train
S13486,train
S06852,train
S17971,train
S08036,train
S00958,train
S13171,train
S13940,train
S02846,train
S07708,train
S16407,train
S10043,train
S05503,train
S03347,train
S08687,train
S14478,train
S19043,train
S04171,train
S01709,train
S07220,train
S16383,train
S13141,train
S01939,train
S10654,train
S12284,train
S19879,train
S11269,train
S12651,train
S01798,train
S11087,train
S05351,train
S17522,train
S10900,train
S05090,train
S00846,train
S17396,train
S00904,train
S07867,train
S06644,train
S06599,train
S13471,train
S07643,train
S12274,train
S10168,train
S19512,train
S08523,train
S19407,train
S12590,train
S14493,train
S00879,train
S19280,train
S16822,train
S01853,train
S02797,train
S02545,train
S08027,train
S13212,train
S08788,train
S03610,train
S18895,train
S08938,train
S17143,train
S15320,train
S05450,train
S13711,train
S02381,train
S13844,train
S06675,train
S05264,train
S19265,train
S02974,train
S04552,train
S04633,train
S18727,train
S07501,train
S18681,train
S18805,train
S12723,train
S00372,train
S06594,train
S05084,train
S05608,train
S10873,train
S13415,train
S10596,train
S18836,train
S03182,train
S08664,train
S10340,train
S06239,train
S10400,train
S02723,train
S01339,train
S12807,train
S09221,train
S13250,train
S07372,train
S01174,train
S03644,train
S11426,train
S08051,train
S10994,train
S00231,train
S02261,train
S10557,train
S14227,train
S03616,train
S11621,train
S00632,train
S01115,train
S16238,train
S12293,train
S19090,train
S10288,train
S06968,train
S12697,train
S03484,train
S09661,train
S04637,train
S05972,train
S12539,train
S15046,train
S15904,train
S02288,train
S09897,train
S15307,train
S04911,train
S19625,train
S10846,train
S12467,train
S00723,train
S12472,train
S13498,train
S07221,train
S10602,train
S18679,train
S18374,train
S00783,train
S04731,train
S15619,train
S18466,train
S04053,train
S13710,train
S18429,train
S06041,train
S16135,train
S03242,train
S12978,train
S10685,train
S17250,train
S02757,train
S19365,train
S16001,train
S03762,train
S16362,train
S09363,train
S13426,train
S18194,train
S06821,train
S07782,train
S14137,train
S17736,train
S18579,train
S10452,train
S15762,train
S06480,train
S19987,train
S08610,train
S11609,train
S05309,train
S05158,train
S08444,train
S01325,train
S03852,train
S17879,train
S14752,train
S12350,train
S14335,train
S08427,train
S17812,train
S02285,train
S12931,train
S15509,train
S01096,train
S03752,train
S03946,train
S10346,train
S17320,train
S08272,train
S05586,train
S07431,train
S12223,train
S01272,train
S13972,train
S15942,train
S13469,train
S18684,train
S03339,train
S05774,train
S13456,train
S03323,train
S15995,train
S14328,train
S04342,train
S09466,train
S09371,train
S02020,train
S03773,train
S01775,train
S15753,train
S18107,train
S02770,train
S13024,train
S19391,train
S08429,train
S08726,train
S16991,train
S07949,train
S10205,train
S11922,train
S09546,train
S18942,train
S02701,train
S04283,train
S05969,train
S11945,train
S15098,train
S02407,train
S07602,train
S04882,train
S05764,train
S03784,train
S02936,train
S19642,train
S15844,train
S14022,train
S06607,train
S18218,train
S07671,train
S05543,train
S00436,train
S02441,train
S16030,train
S17063,train
S18284,train
S03581,train
S03810,train
S18270,train
S14665,train
S05601,train
S11225,train
S10338,train
S00195,train
S00886,train
S11672,train
S10017,train
S01483,train
S14488,train
S05719,train
S16871,train
S04143,train
S01852,train
S19158,train
S09517,train
S02730,train
S16560,train
S16802,train
S16873,train
S03309,train
S18528,train
S11248,train
S00267,train
S00082,train
S02404,train
S04965,train
S14836,train
S07892,train
S02300,train
S00032,train
S04690,train
S12583,train
S06450,train
S12120,train
S03483,train
S05183,train
S02577,train
S14816,train
S03120,train
S16516,train
S15096,train
S00966,train
S10071,train
S05596,train
S19426,train
S14021,train
S13132,train
S17360,train
S03397,train
S03383,train
S07253,train
S00996,train
S18018,train
S14108,train
S03051,train
S07726,train
S00466,train
S02379,train
S12341,train
S12799,train
S10496,train
S08230,train
S09248,train
S08502,train
S07614,train
S02026,train
S04214,train
S01847,train
S10384,train
S19222,train
S06858,train
S04141,train
S05288,train
S19696,train
S19024,train
S17332,train
S12706,train
S02362,train
S17466,train
S19706,train
S10158,train
S03000,train
S08535,train
S13656,train
S08679,train
S15477,train
S07757,train
S07400,train
S12495,train
S08198,train
S10393,train
S11129,train
S16790,train
S16907,train
S00801,train
S04629,train
S02785,train
S00544,train
S06592,train
S17740,train
S09025,train
S02485,train
S03229,train
S04079,train
S01218,train
S14264,train
S14596,train
S04406,train
S15444,train
S03140,train
S13759,train
S18264,train
S13728,train
S15438,train
S12020,train
S11376,train
S03443,train
S04802,train
S05333,train
S16069,train
S18202,train
S13751,train
S18574,train
S19611,train
S02920,train
S17015,train
S01262,train
S04050,train
S02268,train
S06149,train
S12150,train
S02352,train
S02373,train
S04411,train
S04098,train
S08799,train
S17643,train
S04848,train
S19567,train
S19783,train
S05998,train
S01499,train
S16167,train
S06172,train
S12028,train
S15815,train
S10639,train
S19416,train
S06399,train
S14475,train
S04626,train
S12033,train
S14241,train
S17105,train
S17174,train
S16409,train
S18446,train
S16922,train
S07554,train
S03646,train
S17368,train
S12906,train
S19146,train
S17574,train
S07998,train
S11424,train
S11820,train
S09675,train
S18614,train
S04212,train
S11536,train
S04721,train
S14367,train
S19270,train
S13402,train
S04577,train
S00797,train
S04060,train
S18169,train
S07371,train
S13358,train
S02513,train
S11965,train
S09660,train
S01485,train
S06202,train
S14761,train
S06796,train
S10814,train
S12553,train
S10858,train
S13593,train
S12361,train
S17213,train
S03819,train
S07514,train
S09484,train
S08701,train
S06255,train
S01540,train
S01247,train
S10660,train
S12834,train
S07484,train
S03427,train
S05081,train
S15842,train
S10761,train
S09804,train
S18922,train
S19876,train
S03983,train
S11752,train
S16385,train
S03404,train
S01613,train
S03781,train
S02109,train
S02406,train
S06471,train
S06596,train
S12848,train
S11754,train
S16077,train
S03123,train
S05204,train
S12786,train
S11487,train
S18198,train
S13339,train
S18492,train
S19315,train
S16893,train
S11119,train
S02876,train
S10041,train
S08004,train
S12582,train
S04672,train
S16127,train
S13622,train
S03029,train
S03310,train
S12097,train
S05447,train
S04788,train
S00953,train
S14558,train
S09293,train
S19622,train
S03812,train
S06058,train
S07906,train
S17956,train
S01176,train
S01472,train
S16494,train
S11949,train
S06355,train
S02563,train
S15791,train
S16198,train
S19458,train
S08017,train
S11975,train
S03300,train
S11825,train
S07304,train
S18688,train
S03271,train
S06812,train
S00144,train
S02040,train
S03387,train
S04701,train
S15740,train
S04804,train
S07064,train
S16479,train
S01678,train
S15938,train
S09389,train
S02774,train
S18879,train
S07103,train
S04573,train
S07446,train
S08703,train
S14696,train
S07723,train
S00594,train
S07955,train
S02035,train
S07301,train
S06319,train
S13509,train
S01083,train
S08273,train
S10532,train
S14839,train
S01691,train
S06674,train
S03971,train
S13849,train
S11505,train
S02019,train
S10982,train
S09487,train
S19235,train
S00127,train
S09905,train
S16369,train
S10250,train
S10803,train
S03598,train
S15680,train
S12633,train
S19288,train
S07997,train
S06463,train
S09191,train
S04361,train
S10221,train
S05378,train
S16319,train
S02968,train
S18185,train
S12589,train
S07249,train
S01074,train
S07675,train
S18958,train
S13594,train
S11916,train
S01883,train
S18766,train
S04810,train
S11037,train
S14588,train
S13643,train
S05401,train
S12513,train
S13373,train
S01792,train
S12914,train
S16433,train
S08797,train
S07967,train
S00053,train
S19311,train
S12605,train
S12191,train
S04924,train
S17459,train
S19186,train
S06125,train
S02772,train
S06782,train
S09787,train
S04640,train
S07528,train
S16882,train
S19861,train
S18352,train
S10866,train
S11454,train
S09028,train
S17334,train
S00314,train
S11334,train
S16111,train
S15673,train
S10055,train
S12242,train
S12938,train
S14180,train
S15921,train
S10361,train
S06060,train
S15739,train
S05697,train
S05219,train
S19777,train
S01947,train
S13986,train
S17603,train
S03998,train
S05250,train
S14963,train
S05095,train
S08299,train
S08072,train
S13671,train
S13128,train
S17646,train
S16411,train
S10068,train
S07172,train
S11517,train
S09039,train
S07102,train
S13605,train
S17758,train
S09938,train
S12887,train
S03308,train
S00934,train
S03311,train
S11738,train
S11663,train
S12910,train
S06808,train
S12630,train
S16815,train
S15494,train
S06233,train
S02830,train
S01161,train
S06448,train
S06797,train
S09035,train
S04316,train
S00885,train
S11042,train
S02341,train
S03230,train
S11864,train
S00926,train
S11159,train
S00215,train
S17193,train
S07006,train
S16635,train
S11767,train
S00336,train
S18013,train
S14057,train
S15080,train
S07260,train
S00622,train
S11838,train
S00669,train
S18268,train
S06004,train
S13768,train
S12996,train
S06007,train
S11265,train
S07081,train
S00508,train
S05994,train
S15808,train
S02722,train
S08509,train
S17154,train
S10856,train
S08647,train
S00810,train
S19631,train
S02624,train
S09538,train
S10559,train
S02671,train
S09924,train
S10225,train
S17463,train
S02115,train
S02066,train
S12042,train
S15725,train
S00785,train
S04097,train
S07464,train
S12949,train
S19955,train
S04419,train
S05941,train
S19673,train
S12013,train
S00789,train
S08578,train
S16379,train
S19183,train
S04617,train
S19885,train
S01674,train
S09483,train
S09236,train
S16605,train
S03270,train
S17457,train
S05562,train
S13765,train
S19526,train
S13102,train
S18905,train
S12964,train
S02508,train
S14971,train
S15218,train
S01412,train
S10425,train
S11534,train
S11521,train
S09001,train
S12099,train
S03105,train
S05067,train
S19472,train
S12297,train
S06449,train
S09218,train
S18043,train
S07921,train
S13560,train
S02572,train
S01944,train
S13388,train
S10376,train
S00970,train
S14744,train
S08765,train
S05967,train
S05769,train
S05010,train
S06915,train
S10036,train
S18839,train
S09512,train
S12668,train
S15945,train
S12637,train
S05825,train
S16708,train
S19229,train
S18597,train
S17106,train
S16971,train
S18042,train
S16234,train
S13794,train
S15137,train
S05707,train
S06047,train
S19242,train
S01352,train
S15105,train
S17146,train
S07497,train
S04702,train
S12416,train
S15376,train
S09505,train
S07161,train
S03803,train
S01490,train
S05750,train
S19238,train
S19329,train
S10954,train
S09745,train
S13209,train
S07270,train
S01584,train
S09444,train
S12703,train
S14246,train
S12457,train
S12733,train
S18423,train
S19013,train
S08028,train
S14684,train
S09474,train
S12813,train
S18585,train
S18488,train
S09017,train
S12664,train
S19959,train
S01147,train
S05376,train
S17588,train
S05304,train
S10262,train
S02418,train
S05311,train
S06807,train
S05927,train
S04777,train
S11772,train
S09011,train
S00199,train
S13702,train
S10554,train
S09383,train
S01145,train
S07512,train
S17683,train
S06566,train
S18494,train
S04499,train
S01260,train
S12756,train
S07047,train
S01656,train
S17513,train
S10823,train
S17306,train
S14063,train
S01463,train
S17081,train
S02328,train
S07186,train
S14459,train
S13769,train
S10296,train
S16875,train
S15002,train
S09829,train
S14941,train
S00107,train
S16183,train
S16603,train
S02317,train
S14579,train
S03457,train
S12683,train
S04375,train
S00452,train
S15971,train
S17927,train
S14565,train
S18414,train
S11021,train
S12672,train
S13616,train
S07713,train
S02554,train
S13112,train
S08080,train
S14302,train
S04119,train
S05826,train
S04449,train
S04150,train
S04325,train
S00361,train
S09085,train
S19063,train
S13017,train
S16045,train
S01968,train
S15102,train
S15090,train
S11790,train
S12988,train
S16438,train
S12009,train
S06723,train
S05297,train
S14587,train
S04897,train
S14821,train
S00800,train
S14862,train
S06980,train
S12868,train
S09648,train
S11757,train
S00702,train
S12698,train
S07096,train
S10371,train
S16219,train
S08357,train
S11926,train
S18649,train
S07296,train
S08876,train
S18253,train
S12768,train
S15576,train
S08809,train
S16334,train
S01439,train
S03154,train
S06538,train
S15979,train
S02687,train
S16107,train
S14699,train
S06350,train
S04027,train
S09207,train
S12860,train
S03584,train
S14139,train
S10136,train
S02582,train
S16197,train
S14362,train
S17514,train
S04608,train
S18034,train
S06632,train
S00865,train
S13060,train
S01753,train
S03075,train
S16434,train
S07948,train
S06158,train
S08269,train
S07247,train
S04991,train
S16648,train
S16547,train
S19204,train
S12378,train
S07276,train
S04941,train
S04120,train
S03808,train
S19685,train
S16398,train
S11815,train
S17487,train
S18782,train
S02031,train
S07823,train
S05840,train
S06678,train
S17896,train
S05350,train
S04750,train
S13855,train
S16024,train
S09872,train
S02826,train
S09561,train
S01531,train
S10980,train
S19450,train
S03156,train
S10919,train
S17699,train
S04470,train
S07599,train
S16271,train
S14364,train
S09024,train
S19172,train
S19637,train
S16752,train
S19349,train
S17219,train
S00505,train
S03919,train
S16841,train
S08024,train
S11457,train
S05867,train
S06958,train
S18660,train
S01935,train
S09531,train
S14375,train
S18936,train
S05535,train
S15474,train
S01110,train
S04791,train
S05766,train
S12823,train
S18618,train
S13941,train
S00067,train
S10881,train
S15674,train
S04339,train
S04478,train
S02414,train
S01361,train
S16615,train
S15169,train
S10841,train
S04058,train
S13926,train
S14484,train
S09036,train
S06854,train
S08966,train
S15647,train
S02647,train
S17162,train
S13936,train
S16406,train
S19703,train
S12133,train
S06371,train
S12002,train
S12561,train
S05759,train
S14778,train
S04144,train
S10708,train
S04628,train
S00530,train
S08592,train
S09706,train
S15054,train
S05184,train
S02494,train
S00570,train
S12435,train
S07132,train
S06822,train
S14663,train
S03356,train
S16931,train
S04517,train
S12390,train
S19051,train
S14680,train
S04124,train
S08023,train
S19714,train
S18893,train
S13452,train
S13213,train
S16112,train
S09580,train
S19565,train
S02185,train
S11120,train
S10952,train
S02042,train
S01118,train
S09271,train
S05693,train
S12506,train
S16799,train
S02763,train
S16422,train
S05187,train
S05107,train
S14342,train
S10177,train
S15994,train
S10428,train
S09968,train
S15419,train
S08375,train
S11106,train
S07135,train
S00515,train
S17780,train
S16837,train
S02311,train
S06588,train
S16017,train
S15731,train
S19098,train
S05078,train
S03478,train
S08586,train
S08037,train
S13410,train
S11462,train
S08294,train
S08908,train
S10969,train
S01364,train
S08122,train
S12061,train
S02809,train
S11030,train
S18706,train
S02600,train
S17941,train
S10857,train
S12863,train
S06689,train
S16288,train
S04667,train
S00592,train
S09892,train
S17862,train
S16942,train
S13178,train
S02033,train
S19994,train
S06664,train
S01333,train
S14810,train
S04699,train
S19073,train
S01951,train
S16829,train
S00286,train
S06742,train
S10975,train
S03639,train
S07410,train
S12294,train
S02269,train
S16535,train
S17268,train
S17725,train
S09919,train
S05727,train
S17660,train
S18943,train
S08663,train
S11979,train
S01959,train
S09488,train
S00627,train
S05832,train
S18277,train
S14010,train
S05320,train
S15818,train
S05052,train
S19776,train
S05816,train
S12463,train
S07843,train
S01194,train
S08195,train
S18462,train
S01652,train
S01150,train
S13179,train
S17803,train
S06846,train
S10710,train
S12909,train
S00985,train
S06123,train
S09104,train
S16057,train
S17967,train
S08970,train
S16131,train
S06990,train
S05482,train
S03850,train
S05686,train
S10278,train
S14189,train
S03138,train
S11349,train
S01214,train
S12282,train
S02529,train
S18187,train
S01188,train
S14197,train
S03996,train
S15202,train
S02259,train
S18437,train
S03294,train
S17282,train
S10658,train
S10930,train
S01646,train
S14190,train
S10313,train
S05054,train
S06346,train
S17486,train
S17265,train
S14292,train
S19737,train
S08974,train
S15359,train
S07977,train
S15811,train
S01415,train
S00972,train
S19165,train
S02767,train
S13681,train
S12869,train
S18208,train
S19758,train
S06626,train
S14083,train
S02548,train
S18695,train
S04550,train
S03729,train
S16681,train
S01193,train
S08859,train
S12639,train
S03608,train
S07522,train
S11262,train
S13803,train
S04109,train
S18403,train
S02366,train
S14014,train
S04854,train
S12089,train
S00086,train
S02959,train
S13583,train
S01066,train
S15689,train
S16941,train
S09163,train
S07033,train
S17093,train
S03244,train
S16906,train
S19394,train
S18225,train
S13982,train
S02396,train
S07486,train
S00957,train
S12600,train
S19650,train
S11941,train
S03541,train
S06265,train
S18057,train
S06056,train
S12505,train
S12602,train
S13045,train
S09860,train
S18371,train
S11998,train
S05635,train
S16919,train
S07459,train
S02534,train
S18373,train
S18860,train
S18521,train
S06260,train
S12492,train
S18975,train
S10235,train
S06256,train
S13870,train
S05700,train
S10804,train
S16483,train
S05851,train
S11784,train
S14536,train
S04012,train
S17261,train
S04656,train
S00119,train
S00903,train
S03994,train
S09111,train
S01062,train
S01448,train
S19667,train
S18093,train
S07182,train
S02212,train
S05407,train
S07825,train
S01107,train
S08684,train
S00896,train
S11604,train
S12586,train
S13394,train
S06244,train
S14639,train
S18148,train
S07693,train
S18812,train
S00495,train
S02361,train
S07013,train
S05275,train
S07131,train
S08506,train
S02861,train
S08789,train
S05569,train
S03018,train
S17722,train
S00713,train
S15483,train
S07273,train
S03125,train
S18992,train
S15975,train
S15028,train
S01269,train
S05422,train
S01471,train
S08179,train
S06907,train
S07444,train
S01667,train
S09521,train
S01812,train
S16559,train
S04723,train
S14361,train
S11987,train
S03083,train
S14764,train
S19346,train
S17584,train
S04083,train
S06617,train
S09663,train
S16195,train
S08125,train
S11516,train
S17802,train
S04417,train
S17309,train
S19996,train
S19940,train
S05231,train
S08980,train
S07403,train
S03777,train
S06752,train
S06214,train
S17483,train
S01887,train
S13542,train
S19652,train
S02745,train
S10247,train
S06427,train
S17120,train
S15788,train
S02195,train
S05088,train
S14089,train
S15353,train
S05838,train
S13125,train
S15309,train
S16444,train
S06164,train
S14551,train
S11134,train
S14685,train
S07509,train
S17829,train
S11981,train
S12940,train
S10882,train
S10909,train
S00584,train
S19306,train
S02123,train
S18627,train
S01301,train
S08887,train
S17416,train
S02894,train
S14383,train
S16377,train
S14690,train
S11510,train
S10165,train
S16556,train
S19837,train
S01817,train
S13582,train
S17556,train
S03668,train
S01952,train
S10383,train
S14148,train
S00571,train
S19665,train
S01195,train
S09249,train
S17417,train
S08616,train
S09315,train
S04409,train
S11593,train
S11834,train
S10735,train
S15916,train
S05020,train
S00023,train
S18880,train
S13090,train
S06497,train
S16048,train
S00809,train
S12815,train
S06736,train
S12674,train
S09983,train
S18669,train
S16725,train
S05530,train
S06175,train
S19417,train
S04549,train
S15383,train
S03390,train
S05857,train
S04998,train
S03033,train
S09155,train
S08359,train
S15026,train
S07661,train
S12810,train
S11747,train
S09135,train
S16366,train
S05065,train
S01179,train
S03698,train
S10074,train
S17044,train
S00858,train
S00804,train
S01605,train
S03796,train
S18974,train
S15009,train
S06978,train
S16361,train
S18611,train
S05003,train
S11625,train
S09911,train
S00418,train
S13170,train
S05958,train
S00699,train
S19392,train
S07807,train
S07805,train
S02733,train
S10889,train
S10942,train
S06946,train
S07425,train
S05662,train
S15084,train
S15059,train
S11125,train
S09918,train
S16000,train
S08084,train
S03788,train
S07399,train
S09502,train
S17036,train
S09786,train
S06373,train
S13516,train
S14320,train
S01313,train
S00131,train
S16742,train
S12594,train
S14405,train
S17813,train
S13302,train
S19491,train
S11775,train
S03962,train
S15152,train
S07770,train
S13118,train
S17134,train
S19893,train
S13675,train
S15987,train
S03248,train
S06098,train
S02029,train
S14927,train
S11538,train
S15367,train
S00118,train
S03725,train
S16618,train
S00933,train
S06292,train
S11519,train
S12156,train
S04966,train
S14950,train
S13135,train
S02387,train
S10450,train
S17322,train
S13127,train
S11778,train
S18347,train
S09798,train
S08863,train
S11359,train
S00691,train
S15893,train
S09738,train
S12303,train
S02637,train
S04329,train
S03721,train
S11477,train
S09778,train
S06503,train
S04590,train
S12453,train
S12825,train
S16326,train
S18580,train
S11148,train
S16025,train
S02632,train
S15571,train
S13795,train
S10805,train
S00251,train
S02432,train
S12326,train
S09992,train
S08377,train
S09049,train
S05798,train
S13041,train
S06979,train
S09691,train
S05488,train
S19741,train
S04922,train
S12069,train
S06721,train
S05849,train
S11050,train
S07092,train
S18301,train
S01196,train
S05244,train
S11272,train
S13975,train
S13606,train
S15052,train
S11853,train
S12901,train
S00255,train
S11007,train
S12187,train
S18035,train
S02704,train
S05873,train
S12485,train
S10714,train
S01215,train
S05669,train
S08554,train
S06813,train
S07258,train
S19716,train
S02291,train
S14954,train
S02278,train
S08750,train
S07228,train
S14097,train
S01238,train
S12449,train
S00249,train
S17135,train
S14399,train
S08204,train
S05888,train
S07582,train
S06783,train
S01503,train
S02960,train
S01129,train
S13412,train
S19514,train
S10191,train
S15024,train
S09122,train
S12551,train
S19701,train
S06015,train
S05572,train
S10065,train
S12657,train
S09079,train
S09044,train
S05041,train
S02652,train
S05420,train
S10057,train
S15414,train
S08944,train
S17911,train
S02310,train
S06540,train
S09325,train
S10683,train
S16455,train
S01467,train
S00476,train
S18819,train
S17554,train
S17524,train
S02599,train
S19010,train
S07817,train
S02995,train
S13324,train
S04180,train
S03628,train
S08801,train
S11879,train
S03175,train
S03650,train
S19360,train
S04002,train
S06266,train
S09600,train
S14723,train
S01127,train
S11465,train
S00652,train
S19629,train
S10353,train
S06348,train
S18316,train
S05926,train
S12518,train
S18066,train
S12547,train
S16588,train
S08130,train
S18096,train
S13360,train
S02075,train
S18592,train
S01363,train
S15295,train
S06267,train
S05413,train
S18173,train
S06811,train
S02620,train
S15542,train
S10931,train
S03515,train
S13140,train
S08898,train
S17190,train
S10564,train
S08156,train
S06206,train
S10258,train
S16579,train
S13276,train
S15795,train
S18181,train
S11994,train
S01137,train
S02171,train
S14324,train
S17969,train
S18559,train
S18266,train
S03987,train
S19508,train
S12628,train
S09522,train
S11812,train
S13219,train
S02755,train
S06444,train
S18945,train
S18363,train
S18662,train
S02032,train
S07034,train
S11751,train
S01926,train
S06102,train
S03653,train
S04735,train
S11177,train
S06802,train
S16729,train
S00768,train
S11417,train
S00316,train
S06483,train
S18891,train
S11885,train
S15693,train
S16292,train
S18656,train
S15789,train
S08609,train
S07018,train
S04084,train
S08221,train
S08396,train
S12264,train
S09378,train
S19431,train
S08850,train
S00332,train
S09855,train
S04025,train
S00880,train
S15798,train
S18622,train
S02153,train
S08760,train
S05000,train
S08175,train
S02524,train
S09472,train
S11645,train
S07238,train
S12660,train
S02425,train
S03147,train
S18659,train
S13567,train
S01058,train
S03394,train
S00478,train
S03079,train
S14881,train
S19917,train
S09361,train
S08318,train
S09439,train
S02266,train
S06898,train
S18889,train
S09204,train
S06016,train
S18184,train
S07170,train
S08185,train
S00724,train
S14305,train
S09870,train
S04679,train
S03064,train
S15646,train
S08529,train
S08761,train
S06475,train
S13435,train
S07853,train
S11201,train
S12169,train
S04635,train
S09629,train
S11322,train
S19334,train
S03921,train
S05695,train
S16954,train
S00232,train
S01149,train
S08594,train
S18779,train
S14477,train
S17827,train
S09806,train
S09916,train
S08510,train
S15858,train
S06595,train
S12332,train
S04752,train
S08865,train
S03159,train
S17615,train
S09558,train
S15738,train
S11207,train
S14380,train
S01593,train
S05484,train
S05881,train
S02101,train
S07933,train
S13555,train
S09178,train
S09110,train
S09480,train
S03127,train
S13505,train
S11638,train
S09141,train
S18868,train
S07768,train
S15500,train
S05042,train
S11027,train
S19393,train
S16726,train
S05101,train
S14006,train
S08715,train
S02037,train
S06270,train
S17656,train
S08617,train
S10802,train
S02773,train
S07305,train
S13403,train
S09352,train
S04369,train
S12170,train
S17545,train
S05073,train
S17006,train
S15270,train
S03530,train
S06637,train
S14281,train
S17456,train
S07074,train
S17705,train
S01240,train
S15585,train
S18837,train
S09073,train
S13115,train
S04205,train
S12147,train
S00959,train
S11459,train
S08043,train
S12247,train
S19126,train
S07658,train
S18562,train
S13889,train
S11937,train
S11793,train
S03254,train
S19973,train
S07467,train
S06210,train
S18044,train
S00489,train
S01632,train
S10636,train
S01823,train
S04771,train
S02822,train
S16052,train
S13039,train
S06977,train
S11329,train
S12542,train
S02574,train
S05523,train
S10842,train
S10342,train
S10755,train
S19115,train
S13266,train
S15155,train
S09543,train
S19352,train
S17227,train
S14171,train
S18783,train
S11498,train
S04052,train
S16446,train
S04293,train
S19097,train
S05412,train
S08401,train
S03868,train
S15189,train
S11966,train
S18068,train
S13540,train
S17889,train
S07580,train
S11085,train
S04618,train
S19557,train
S01953,train
S08236,train
S08479,train
S06838,train
S03279,train
S19093,train
S16226,train
S05160,train
S04219,train
S04851,train
S02728,train
S13131,train
S03526,train
S19203,train
S13827,train
S08553,train
S12409,train
S19691,train
S19984,train
S11197,train
S19241,train
S10213,train
S04310,train
S07707,train
S04030,train
S00527,train
S13719,train
S12417,train
S02152,train
S19095,train
S18663,train
S17768,train
S19279,train
S07881,train
S02907,train
S07178,train
S01254,train
S00735,train
S15286,train
S02978,train
S07393,train
S08849,train
S15988,train
S03324,train
S18141,train
S09266,train
S05652,train
S15149,train
S01641,train
S00058,train
S12010,train
S06411,train
S03880,train
S11199,train
S08378,train
S18394,train
S14393,train
S16861,train
S17005,train
S00604,train
S09518,train
S14490,train
S13106,train
S08165,train
S12987,train
S19411,train
S17382,train
S12188,train
S14179,train
S11728,train
S19328,train
S06955,train
S11350,train
S09503,train
S17232,train
S05564,train
S07798,train
S08397,train
S10696,train
S08672,train
S14902,train
S19045,train
S13898,train
S01135,train
S13949,train
S03741,train
S09742,train
S04014,train
S04805,train
S16994,train
S13492,train
S03830,train
S06135,train
S09308,train
S15449,train
S05591,train
S13793,train
S14117,train
S17929,train
S13224,train
S02721,train
S16140,train
S07748,train
S03439,train
S15085,train
S03928,train
S14278,train
S15587,train
S19163,train
S04503,train
S14276,train
S16596,train
S15328,train
S16452,train
S19805,train
S03215,train
S15232,train
S13070,train
S10510,train
S12241,train
S10650,train
S17137,train
S17175,train
S15368,train
S11936,train
S16332,train
S16775,train
S16864,train
S18189,train
S14908,train
S18244,train
S14741,train
S13641,train
S18221,train
S15889,train
S06344,train
S01523,train
S15593,train
S05047,train
S14079,train
S09323,train
S04819,train
S04296,train
S08704,train
S02646,train
S10538,train
S07753,train
S00292,train
S15819,train
S11736,train
S19006,train
S13072,train
S14930,train
S11651,train
S18391,train
S16896,train
S09169,train
S02820,train
S02985,train
S05552,train
S07560,train
S02812,train
S15602,train
S08888,train
S07377,train
S01345,train
S15538,train
S05872,train
S00016,train
S11782,train
S18884,train
S01970,train
S16108,train
S13744,train
S02891,train
S13340,train
S05224,train
S11464,train
S08019,train
S18346,train
S14506,train
S02863,train
S14008,train
S13193,train
S19628,train
S02321,train
S19011,train
S06650,train
S09072,train
S02057,train
S10711,train
S11659,train
S13305,train
S02977,train
S00381,train
S17076,train
S03287,train
S08934,train
S08255,train
S16987,train
S15671,train
S00914,train
S15420,train
S02454,train
S19980,train
S04584,train
S18485,train
S11110,train
S19108,train
S16242,train
S12055,train
S19914,train
S07423,train
S04761,train
S01237,train
S00591,train
S05565,train
S12574,train
S03899,train
S13877,train
S11290,train
S12499,train
S03818,train
S16988,train
S15308,train
S02064,train
S14414,train
S07742,train
S15625,train
S08147,train
S18816,train
S10674,train
S18632,train
S15806,train
S18168,train
S09931,train
S15130,train
S09556,train
S10697,train
S01986,train
S09670,train
S03601,train
S10382,train
S16471,train
S06027,train
S01796,train
S15691,train
S13854,train
S00472,train
S08110,train
S05659,train
S01708,train
S16926,train
S13280,train
S03462,train
S09997,train
S03409,train
S13809,train
S07551,train
S11157,train
S03255,train
S15656,train
S09359,train
S06974,train
S15159,train
S07617,train
S00960,train
S09412,train
S15381,train
S13860,train
S06800,train
S18007,train
S10898,train
S11552,train
S02919,train
S08504,train
S14365,train
S05767,train
S19694,train
S13230,train
S04402,train
S05856,train
S15121,train
S02619,train
S10160,train
S02076,train
S03306,train
S12177,train
S10976,train
S19855,train
S13999,train
S09139,train
S14694,train
S13628,train
S11806,train
S16141,train
S07277,train
S12139,train
S18581,train
S18913,train
S09659,train
S05894,train
S01293,train
S06685,train
S18968,train
S01311,train
S16475,train
S07203,train
S19950,train
S05028,train
S10615,train
S11184,train
S04987,train
S16586,train
S13218,train
S10441,train
S01631,train
S16250,train
S05459,train
S03463,train
S15522,train
S08492,train
S16976,train
S11052,train
S05261,train
S08030,train
S01696,train
S11822,train
S18163,train
S12230,train
S06523,train
S13624,train
S06391,train
S13654,train
S05229,train
S01663,train
S17612,train
S05352,train
S07317,train
S00876,train
S09876,train
S17113,train
S09461,train
S12006,train
S18125,train
S13739,train
S03265,train
S00296,train
S16180,train
S17775,train
S09550,train
S12924,train
S18065,train
S14841,train
S15187,train
S05858,train
S02095,train
S01828,train
S03859,train
S17743,train
S19785,train
S08713,train
S04277,train
S01740,train
S19131,train
S01153,train
S07043,train
S06419,train
S04349,train
S09319,train
S15179,train
S19142,train
S12138,train
S14310,train
S08899,train
S10630,train
S10207,train
S04849,train
S08160,train
S15649,train
S15670,train
S05123,train
S12944,train
S01575,train
S19286,train
S01204,train
S07443,train
S00565,train
S18421,train
S10809,train
S17000,train
S05395,train
S19991,train
S06381,train
S00685,train
S13013,train
S15601,train
S19547,train
S18382,train
S07688,train
S12904,train
S09395,train
S00641,train
S12124,train
S16598,train
S14708,train
S09728,train
S17215,train
S14000,train
S06364,train
S00921,train
S08402,train
S11780,train
S04364,train
S19260,train
S07158,train
S04365,train
S12603,train
S02421,train
S13443,train
S18671,train
S02422,train
S12661,train
S11261,train
S05845,train
S11287,train
S19874,train
S00993,train
S19773,train
S02610,train
S00219,train
S05609,train
S19754,train
S12405,train
S06453,train
S11990,train
S17773,train
S08568,train
S01253,train
S15312,train
S04993,train
S04745,train
S06034,train
S10462,train
S06729,train
S07313,train
S02630,train
S00624,train
S05233,train
S04477,train
S18071,train
S07098,train
S18808,train
S10494,train
S17828,train
S06874,train
S08283,train
S10291,train
S17207,train
S03420,train
S10771,train
S02150,train
S15390,train
S02137,train
S14547,train
S09003,train
S17540,train
S04650,train
S11969,train
S08049,train
S10844,train
S10589,train
S16276,train
S10722,train
S13828,train
S01526,train
S06754,train
S07924,train
S07252,train
S06001,train
S15531,train
S13861,train
S11234,train
S05148,train
S05519,train
S19439,train
S12708,train
S08718,train
S07824,train
S09697,train
S17126,train
S05383,train
S08910,train
S12455,train
S12114,train
S15041,train
S04567,train
S08409,train
S03976,train
S14159,train
S11627,train
S10431,train
S17790,train
S11416,train
S17446,train
S16539,train
S14646,train
S17328,train
S04065,train
S08456,train
S19476,train
S12090,train
S07799,train
S05384,train
S09316,train
S17795,train
S05223,train
S03162,train
S00366,train
S12720,train
S08339,train
S07583,train
S17804,train
S00656,train
S03533,train
S08014,train
S13864,train
S00621,train
S14354,train
S18715,train
S11755,train
S16753,train
S07107,train
S17843,train
S11533,train
S16670,train
S08131,train
S03623,train
S06833,train
S03896,train
S13997,train
S02732,train
S18138,train
S05009,train
S17404,train
S16874,train
S15346,train
S07127,train
S05134,train
S18424,train
S16869,train
S05057,train
S19075,train
S14784,train
S04601,train
S17338,train
S13154,train
S07724,train
S03091,train
S17223,train
S04072,train
S06677,train
S07036,train
S15049,train
S06414,train
S02419,train
S01442,train
S01763,train
S14811,train
S02836,train
S18894,train
S14742,train
S02465,train
S03632,train
S05547,train
S07529,train
S10608,train
S02546,train
S01160,train
S11469,train
S11537,train
S03076,train
S02934,train
S05019,train
S09749,train
S08421,train
S13222,train
S10289,train
S16722,train
S18247,train
S17823,train
S06039,train
S18152,train
S02991,train
S07219,train
S06936,train
S12691,train
S19174,train
S07433,train
S16803,train
S17381,train
S13985,train
S14560,train
S05441,train
S01148,train
S18522,train
S04078,train
S02423,train
S03569,train
S16583,train
S03813,train
S18077,train
S04927,train
S08780,train
S02695,train
S05860,train
S10239,train
S02270,train
S10747,train
S04829,train
S12234,train
S10150,train
S03941,train
S08662,train
S09964,train
S02915,train
S14294,train
S05124,train
S15115,train
S13686,train
S03400,train
S09301,train
S09668,train
S07579,train
S09598,train
S16630,train
S12140,train
S12306,train
S13695,train
S17372,train
S16771,train
S03132,train
S01730,train
S13950,train
S04186,train
S01186,train
S05604,train
S11695,train
S18714,train
S09529,train
S04067,train
S05796,train
S00278,train
S11763,train
S19249,train
S12682,train
S12207,train
S12399,train
S01904,train
S02168,train
S13026,train
S04232,train
S18845,train
S10852,train
S01450,train
S19528,train
S05026,train
S13051,train
S11405,train
S16602,train
S00895,train
S01380,train
S07095,train
S18271,train
S11067,train
S02062,train
S03195,train
S14353,train
S09016,train
S07738,train
S02848,train
S11486,train
S03234,train
S17440,train
S06030,train
S19254,train
S19409,train
S10626,train
S01199,train
S13507,train
S07265,train
S19892,train
S07262,train
S18572,train
S10435,train
S02905,train
S19681,train
S07045,train
S12204,train
S06207,train
S04912,train
S18427,train
S06186,train
S10549,train
S04602,train
S13843,train
S11995,train
S16982,train
S00582,train
S11357,train
S01210,train
S14028,train
S11242,train
S10292,train
S11774,train
S08731,train
S09585,train
S06249,train
S03931,train
S17983,train
S19150,train
S09417,train
S07553,train
S19958,train
S15393,train
S18405,train
S01582,train
S02255,train
S01331,train
S04915,train
S17089,train
S19343,train
S07789,train
S10453,train
S17492,train
S00680,train
S09584,train
S15073,train
S16124,train
S13835,train
S09903,train
S02207,train
S12587,train
S06284,train
S17049,train
S04666,train
S13272,train
S09351,train
S10081,train
S19000,train
S02051,train
S05340,train
S00383,train
S08518,train
S11165,train
S04834,train
S03160,train
S09109,train
S09524,train
S06631,train
S04983,train
S17217,train
S10021,train
S02233,train
S16311,train
S12448,train
S09899,train
S16390,train
S16293,train
S14834,train
S07888,train
S19332,train
S03887,train
S06518,train
S13862,train
S19793,train
S01075,train
S02741,train
S19012,train
S15556,train
S07048,train
S01334,train
S08634,train
S03272,train
S00169,train
S14071,train
S12052,train
S06263,train
S13350,train
S06993,train
S09144,train
S09374,train
S19298,train
S09982,train
S17352,train
S04653,train
S12412,train
S11017,train
S09768,train
S04122,train
S10643,train
S18082,train
S07940,train
S14609,train
S18993,train
S03054,train
S08880,train
S17321,train
S00575,train
S19823,train
S06297,train
S03205,train
S05256,train
S14756,train
S13148,train
S03074,train
S04387,train
S05287,train
S15583,train
S19338,train
S02086,train
S16236,train
S15335,train
S17695,train
S08285,train
S17510,train
S00803,train
S17806,train
S06092,train
S06737,train
S17032,train
S10524,train
S18072,train
S03792,train
S11868,train
S03588,train
S16717,train
S09168,train
S03077,train
S08612,train
S18784,train
S05836,train
S07541,train
S01727,train
S12877,train
S16768,train
S04932,train
S02297,train
S03927,train
S08528,train
S14584,train
S08714,train
S01440,train
S11773,train
S11437,train
S05323,train
S14631,train
S08469,train
S16665,train
S19633,train
S16974,train
S11531,train
S11551,train
S13924,train
S05498,train
S11520,train
S01688,train
S01427,train
S05795,train
S12376,train
S17840,train
S18603,train
S03095,train
S02219,train
S06772,train
S04031,train
S14337,train
S17112,train
S03882,train
S09158,train
S18707,train
S06659,train
S05974,train
S07234,train
S00319,train
S10126,train
S02488,train
S09180,train
S03758,train
S19604,train
S16744,train
S19770,train
S07354,train
S08471,train
S11903,train
S16164,train
S09014,train
S02579,train
S07715,train
S17331,train
S07146,train
S14759,train
S16563,train
S09256,train
S02158,train
S18621,train
S05419,train
S08235,train
S00684,train
S14912,train
S00494,train
S00163,train
S14247,train
S11382,train
S06657,train
S09276,train
S19374,train
S13365,train
S09115,train
S02067,train
S13552,train
S13119,train
S05014,train
S01915,train
S11705,train
S01060,train
S12732,train
S17141,train
S00600,train
S04231,train
S03684,train
S05553,train
S17746,train
S18729,train
S07268,train
S18802,train
S08762,train
S01940,train
S08210,train
S06252,train
S03411,train
S11320,train
S13902,train
S04379,train
S02904,train
S15669,train
S17632,train
S16058,train
S15552,train
S13321,train
S19932,train
S06455,train
S11360,train
S18199,train
S04115,train
S17880,train
S11415,train
S16983,train
S07749,train
S10641,train
S18773,train
S17597,train
S09568,train
S08649,train
S12655,train
S04225,train
S00449,train
S00084,train
S03303,train
S12137,train
S06950,train
S01933,train
S02948,train
S19789,train
S18701,train
S10637,train
S04905,train
S10032,train
S19100,train
S17739,train
S17238,train
S09624,train
S07428,train
S05202,train
S10363,train
S18862,train
S17088,train
S03063,train
S14729,train
S11950,train
S08311,train
S05316,train
S06087,train
S17176,train
S11614,train
S07704,train
S14895,train
S02400,train
S13464,train
S13232,train
S06006,train
S16963,train
S06466,train
S02458,train
S13256,train
S01349,train
S12620,train
S15504,train
S01643,train
S17690,train
S15813,train
S19518,train
S04692,train
S17686,train
S08215,train
S06981,train
S07179,train
S09643,train
S12496,train
S13151,train
S06615,train
S02909,train
S17246,train
S01755,train
S03445,train
S16777,train
S02450,train
S13619,train
S07216,train
S02119,train
S09516,train
S12844,train
S02474,train
S16878,train
S13688,train
S10827,train
S16181,train
S10883,train
S07057,train
S00112,train
S09367,train
S11611,train
S03252,train
S13261,train
S00350,train
S03259,train
S03502,train
S19772,train
S09330,train
S15848,train
S07311,train
S14812,train
S03433,train
S09470,train
S18358,train
S19896,train
S16287,train
S17170,train
S00037,train
S08064,train
S12021,train
S02176,train
S12263,train
S02345,train
S15480,train
S15617,train
S10359,train
S02047,train
S17317,train
S14307,train
S18530,train
S09283,train
S16606,train
S04741,train
S10303,train
S06147,train
S14982,train
S08768,train
S00068,train
S13447,train
S05270,train
S13254,train
S19089,train
S13481,train
S16508,train
S11370,train
S08440,train
S06486,train
S01744,train
S07379,train
S06085,train
S07387,train
S14346,train
S14030,train
S03094,train
S04184,train
S12941,train
S11993,train
S08384,train
S11305,train
S02590,train
S15332,train
S07893,train
S12716,train
S12619,train
S15992,train
S06734,train
S07448,train
S05705,train
S11282,train
S08769,train
S15805,train
S19437,train
S16614,train
S14678,train
S15912,train
S08496,train
S05108,train
S07271,train
S17721,train
S10535,train
S14291,train
S02348,train
S04757,train
S15134,train
S19465,train
S05314,train
S15857,train
S00333,train
S10307,train
S01644,train
S02870,train
S14084,train
S19559,train
S16266,train
S15909,train
S00487,train
S19462,train
S08534,train
S15366,train
S08811,train
S08834,train
S07972,train
S18956,train
S15493,train
S14853,train
S00806,train
S16019,train
S11058,train
S03039,train
S08392,train
S15110,train
S18404,train
S04286,train
S06618,train
S07625,train
S15313,train
S18847,train
S01185,train
S07155,train
S13970,train
S18338,train
S06669,train
S02935,train
S18594,train
S17451,train
S12235,train
S09303,train
S02507,train
S02771,train
S09201,train
S15260,train
S17003,train
S16721,train
S07640,train
S04013,train
S14242,train
S00258,train
S14931,train
S19299,train
S01167,train
S18063,train
S04730,train
S04560,train
S19486,train
S15607,train
S14015,train
S14107,train
S00196,train
S03939,train
S18986,train
S17625,train
S09651,train
S10625,train
S02296,train
S12062,train
S17934,train
S04380,train
S15923,train
S08505,train
S00539,train
S07007,train
S19367,train
S05813,train
S04957,train
S00456,train
S03743,train
S06640,train
S15730,train
S16934,train
S17370,train
S18552,train
S01378,train
S13888,train
S00438,train
S10621,train
S14724,train
S04727,train
S02731,train
S02939,train
S06885,train
S17764,train
S13518,train
S01392,train
S16491,train
S08572,train
S16807,train
S18174,train
S16901,train
S01275,train
S02592,train
S01330,train
S12724,train
S05605,train
S03666,train
S04975,train
S01263,train
S17579,train
S16145,train
S19276,train
S03037,train
S00172,train
S11358,train
S10578,train
S18578,train
S06201,train
S03412,train
S10259,train
S17662,train
S10433,train
S10112,train
S08671,train
S09175,train
S12701,train
S07285,train
S18878,train
S03328,train
S05730,train
S12801,train
S02120,train
S06830,train
S18473,train
S02383,train
S02713,train
S10680,train
S03257,train
S07335,train
S02744,train
S02063,train
S00949,train
S09653,train
S18102,train
S01795,train
S08491,train
S11532,train
S06243,train
S09614,train
S09928,train
S05246,train
S02306,train
S01152,train
S16003,train
S13792,train
S16199,train
S08481,train
S10490,train
S11381,train
S01248,train
S01929,train
S06118,train
S04378,train
S13281,train
S02359,train
S04534,train
S14858,train
S09925,train
S01336,train
S05611,train
S11190,train
S05417,train
S05322,train
S19007,train
S19895,train
S04176,train
S01418,train
S01018,train
S00274,train
S14061,train
S19262,train
S09954,train
S07051,train
S07324,train
S08871,train
S03002,train
S16647,train
S04944,train
S01113,train
S06849,train
S18235,train
S16748,train
S10749,train
S13297,train
S03103,train
S10249,train
S13713,train
S05048,train
S10540,train
S17918,train
S08112,train
S07941,train
S02799,train
S10418,train
S16961,train
S16474,train
S16731,train
S13217,train
S18798,train
S16021,train
S04022,train
S15764,train
S18476,train
S03862,train
S03389,train
S08450,train
S08559,train
S08097,train
S12067,train
S09674,train
S08056,train
S14479,train
S12566,train
S05154,train
S03281,train
S14474,train
S13016,train
S04647,train
S10921,train
S08782,train
S05504,train
S11813,train
S15226,train
S18412,train
S12343,train
S18950,train
S03846,train
S12572,train
S16349,train
S08337,train
S17906,train
S02017,train
S07818,train
S10238,train
S03799,train
S07535,train
S09536,train
S15228,train
S15373,train
S09048,train
S10357,train
S10996,train
S08497,train
S10991,train
S18144,train
S17084,train
S02401,train
S12128,train
S19388,train
S02135,train
S04496,train
S11323,train
S13251,train
S17623,train
S07148,train
S05502,train
S06896,train
S07184,train
S01031,train
S15547,train
S14154,train
S15298,train
S07492,train
S09838,train
S16338,train
S00521,train
S16300,train
S17850,train
S11463,train
S11930,train
S18830,train
S07164,train
S15949,train
S04725,train
S19427,train
S15050,train
S03492,train
S01664,train
S18100,train
S03863,train
S15502,train
S05788,train
S00337,train
S12945,train
S15554,train
S15712,train
S12413,train
S07663,train
S10354,train
S02736,train
S10273,train
S07241,train
S17425,train
S05644,train
S01609,train
S12228,train
S12281,train
S12659,train
S18310,train
S01715,train
S05935,train
S01211,train
S11372,train
S04945,train
S17908,train
S14261,train
S12003,train
S03770,train
S14103,train
S13799,train
S07144,train
S01057,train
S00830,train
S12248,train
S12268,train
S17065,train
S04249,train
S06328,train
S01328,train
S09335,train
S06324,train
S02966,train
S01843,train
S06654,train
S03714,train
S07359,train
S19808,train
S19080,train
S05105,train
S01180,train
S02318,train
S03222,train
S02553,train
S06341,train
S13192,train
S02739,train
S17365,train
S15136,train
S13241,train
S04863,train
S02943,train
S18311,train
S19869,train
S18666,train
S14025,train
S06984,train
S04843,train
S01512,train
S00330,train
S02203,train
S03448,train
S03184,train
S04285,train
S03167,train
S07725,train
S09588,train
S14045,train
S18610,train
S06694,train
S13818,train
S15418,train
S15265,train
S03980,train
S07016,train
S19608,train
S03146,train
S17239,train
S09741,train
S15953,train
S19496,train
S00462,train
S13279,train
S00881,train
S15685,train
S17296,train
S09575,train
S01612,train
S09599,train
S18433,train
S01877,train
S12959,train
S12184,train
S09159,train
S15831,train
S09509,train
S15986,train
S13458,train
S17819,train
S06445,train
S03382,train
S14717,train
S02742,train
S07180,train
S10815,train
S01931,train
S16316,train
S06222,train
S04192,train
S14088,train
S11764,train
S00370,train
S05808,train
S16977,train
S01996,train
S05993,train
S12865,train
S18241,train
S08193,train
S19796,train
S15565,train
S18514,train
S01778,train
S00923,train
S18764,train
S11899,train
S14703,train
S09188,train
S13328,train
S06218,train
S08270,train
S09305,train
S02496,train
S17986,train
S14223,train
S05862,train
S17336,train
S19648,train
S06329,train
S14029,train
S03153,train
S14556,train
S19693,train
S02633,train
S07068,train
S11460,train
S03225,train
S02942,train
S06986,train
S10128,train
S14946,train
S04644,train
S01917,train
S16749,train
S10114,train
S08245,train
S15853,train
S12334,train
S19821,train
S04569,train
S01676,train
S10619,train
S16468,train
S09002,train
S16734,train
S06539,train
S12820,train
S16959,train
S09000,train
S06279,train
S14772,train
S06321,train
S06819,train
S14987,train
S12336,train
S08109,train
S18472,train
S17957,train
S14087,train
S02239,train
S04327,train
S04440,train
S01978,train
S09342,train
S08388,train
S01529,train
S14800,train
S01563,train
S14165,train
S02527,train
S18831,train
S08968,train
S11723,train
S06494,train
S17749,train
S03155,train
S17496,train
S01658,train
S11947,train
S06810,train
S01404,train
S02427,train
S08482,train
S18156,train
S13180,train
S16810,train
S17110,train
S07963,train
S18991,train
S05848,train
S14662,train
S00848,train
S08808,train
S14352,train
S11952,train
S14842,train
S08814,train
S09086,train
S05603,train
S02377,train
S12831,train
S07246,train
S14940,train
S05672,train
S14829,train
S11904,train
S09413,train
S03958,train
S14011,train
S12502,train
S12824,train
S18639,train
S01973,train
S03765,train
S11908,train
S11256,train
S18745,train
S03338,train
S00408,train
S08132,train
S05434,train
S19886,train
S08344,train
S13308,train
S12797,train
S13161,train
S03038,train
S10560,train
S13187,train
S15354,train
S10328,train
S09182,train
S14253,train
S12893,train
S01766,train
S00035,train
S13878,train
S14384,train
S15918,train
S14140,train
S10584,train
S06408,train
S10664,train
S00599,train
S11833,train
S17298,train
S18229,train
S11851,train
S01177,train
S01384,train
S04645,train
S15900,train
S17870,train
S01155,train
S02900,train
S09620,train
S16895,train
S08483,train
S11821,train
S19574,train
S16686,train
S14527,train
S06524,train
S16309,train
S02215,train
S17465,train
S19245,train
S14402,train
S16194,train
S09869,train
S08962,train
S15763,train
S15768,train
S04223,train
S04557,train
S02138,train
S10709,train
S14658,train
S03857,train
S11179,train
S07669,train
S17259,train
S13084,train
S13229,train
S01258,train
S04170,train
S10541,train
S14332,train
S03825,train
S08738,train
S14510,train
S08178,train
S08416,train
S01067,train
S06038,train
S00297,train
S02360,train
S05506,train
S15579,train
S17777,train
S06804,train
S19603,train
S12610,train
S16273,train
S07067,train
S10031,train
S04360,train
S00725,train
S15665,train
S19292,train
S02925,train
S08225,train
S09460,train
S10465,train
S09682,train
S11034,train
S11378,train
S09364,train
S06422,train
S13323,train
S08877,train
S03834,train
S08129,train
S04698,train
S03676,train
S12665,train
S14065,train
S05837,train
S00146,train
S19060,train
S17066,train
S01878,train
S02501,train
S15774,train
S00700,train
S06888,train
S01130,train
S06746,train
S09906,train
S10267,train
S11967,train
S14238,train
S04868,train
S19619,train
S17450,train
S05585,train
S14990,train
S10676,train
S03131,train
S08314,train
S09485,train
S19124,train
S18693,train
S16657,train
S15453,train
S00562,train
S09041,train
S14728,train
S18978,train
S08026,train
S12171,train
S10859,train
S17541,train
S01042,train
S10667,train
S08783,train
S11927,train
S05478,train
S11168,train
S08829,train
S16685,train
S01799,train
S06511,train
S06302,train
S19317,train
S15151,train
S01097,train
S01230,train
S19771,train
S16955,train
S02059,train
S19533,train
S09866,train
S00342,train
S07134,train
S11093,train
S18705,train
S06257,train
S02760,train
S11662,train
S16727,train
S12990,train
S08928,train
S04295,train
S03999,train
S03406,train
S15557,train
S14802,train
S13867,train
S08999,train
S18291,train
S08732,train
S02356,train
S17310,train
S06198,train
S15259,train
S10939,train
S12420,train
S17861,train
S04973,train
S01596,train
S02444,train
S14024,train
S10139,train
S13175,train
S01221,train
S16788,train
S04826,train
S03654,train
S14113,train
S01722,train
S10783,train
S10993,train
S15305,train
S15871,train
S01636,train
S03783,train
S14899,train
S02416,train
S11288,train
S11377,train
S07420,train
S06116,train
S15069,train
S02343,train
S15062,train
S18482,train
S17779,train
S10298,train
S11065,train
S08539,train
S06828,train
S19358,train
S03722,train
S18090,train
S11167,train
S10237,train
S12528,train
S16881,train
S08652,train
S19175,train
S19830,train
S15170,train
S11432,train
S13048,train
S02699,train
S11692,train
S07761,train
S02973,train
S06701,train
S18748,train
S07475,train
S08987,train
S02376,train
S02852,train
S04623,train
S06300,train
S12793,train
S19446,train
S13071,train
S11548,train
S11654,train
S03237,train
S05044,train
S02761,train
S17919,train
S11428,train
S10958,train
S16262,train
S11418,train
S00242,train
S16420,train
S01036,train
S03700,train
S05437,train
S18908,train
S07687,train
S06426,train
S17057,train
S12132,train
S17269,train
S16880,train
S04895,train
S14840,train
S09183,train
S18937,train
S15993,train
S01343,train
S03555,train
S12115,train
S02888,train
S03371,train
S00781,train
S15721,train
S02060,train
S02833,train
S10861,train
S15300,train
S15659,train
S15273,train
S02438,train
S13139,train
S04759,train
S12362,train
S06878,train
S12201,train
S01891,train
S08241,train
S19965,train
S19875,train
S02779,train
S05584,train
S02571,train
S18631,train
S04230,train
S00845,train
S13564,train
S04592,train
S12127,train
S02091,train
S19366,train
S14533,train
S00744,train
S01718,train
S07485,train
S11588,train
S15860,train
S06600,train
S05946,train
S08861,train
S07014,train
S17915,train
S16943,train
S04155,train
S12192,train
S03003,train
S03894,train
S17979,train
S08432,train
S12084,train
S00893,train
S14918,train
S17826,train
S15708,train
S02340,train
S00563,train
S02749,train
S03150,train
S04504,train
S13406,train
S14736,train
S15365,train
S00339,train
S17832,train
S05725,train
S01846,train
S16867,train
S03087,train
S02446,train
S19224,train
S14854,train
S04811,train
S06755,train
S06576,train
S12612,train
S06338,train
S13536,train
S01098,train
S01337,train
S06504,train
S14096,train
S02136,train
S01509,train
S00509,train
S05718,train
S11107,train
S11719,train
S18326,train
S14195,train
S02532,train
S17867,train
S00791,train
S09246,train
S04884,train
S16808,train
S11048,train
S10754,train
S01705,train
S05440,train
S02490,train
S00739,train
S09286,train
S11365,train
S04011,train
S19511,train
S00763,train
S15303,train
S14524,train
S04035,train
S09843,train
S09435,train
S14727,train
S09230,train
S10406,train
S17631,train
S12995,train
S08361,train
S07841,train
S10042,train
S13278,train
S12897,train
S18361,train
S04879,train
S18339,train
S05619,train
S03524,train
S00363,train
S15306,train
S11212,train
S09434,train
S16138,train
S18824,train
S07652,train
S05206,train
S15461,train
S07833,train
S15732,train
S04271,train
S08955,train
S06443,train
S02896,train
S06101,train
S06132,train
S03510,train
S13845,train
S04443,train
S12337,train
S16986,train
S17890,train
S06079,train
S18273,train
S06126,train
S06429,train
S11958,train
S00598,train
S04374,train
S15778,train
S12597,train
S13519,train
S00209,train
S10937,train
S05258,train
S11564,train
S06317,train
S05221,train
S15924,train
S15553,train
S19566,train
S17585,train
S18228,train
S04331,train
S10233,train
S12398,train
S12267,train
S09327,train
S12607,train
S01172,train
S08032,train
S01016,train
S02747,train
S04177,train
S14417,train
S18818,train
S15917,train
S05494,train
S12598,train
S10073,train
S14582,train
S00271,train
S19542,train
S15016,train
S18345,train
S03801,train
S10607,train
S07054,train
S17462,train
S05110,train
S14893,train
S07716,train
S15519,train
S13111,train
S05336,train
S16499,train
S16222,train
S17183,train
S04198,train
S00731,train
S06597,train
S14284,train
S18835,train
S10523,train
S03172,train
S11894,train
S06182,train
S00944,train
S17286,train
S16985,train
S12111,train
S10014,train
S08622,train
S07880,train
S12322,train
S13608,train
S05617,train
S17392,train
S04280,train
S00122,train
S14920,train
S12933,train
S18210,train
S14002,train
S19607,train
S10202,train
S01834,train
S19635,train
S16047,train
S17205,train
S15807,train
S11187,train
S08296,train
S04770,train
S11094,train
S16454,train
S03761,train
S19904,train
S05112,train
S13659,train
S04969,train
S05703,train
S00265,train
S08374,train
S19578,train
S16258,train
S18399,train
S10597,train
S14082,train
S04265,train
S10144,train
S12283,train
S08038,train
S12174,train
S13662,train
S03839,train
S01086,train
S07097,train
S13163,train
S03817,train
S01168,train
S01884,train
S00044,train
S12165,train
S09989,train
S04967,train
S17468,train
S15243,train
S04399,train
S02141,train
S05931,train
S01105,train
S00536,train
S04254,train
S10838,train
S04382,train
S16347,train
S08232,train
S15878,train
S09592,train
S06394,train
S17236,train
S09631,train
S14123,train
S02810,train
S02080,train
S18826,train
S02382,train
S12347,train
S00892,train
S16473,train
S02765,train
S07419,train
S14549,train
S04491,train
S09880,train
S03977,train
S02072,train
S09766,train
S14541,train
S16083,train
S06401,train
S01068,train
S19600,train
S04314,train
S02693,train
S05773,train
S19519,train
S11976,train
S06976,train
S04518,train
S16900,train
S03273,train
S11882,train
S18753,train
S13840,train
S02132,train
S08291,train
S11574,train
S15937,train
S19167,train
S14916,train
S10788,train
S08891,train
S08453,train
S02987,train
S08062,train
S11183,train
S08380,train
S03757,train
S14530,train
S18754,train
S08917,train
S18074,train
S14986,train
S14263,train
S01565,train
S03878,train
S17045,train
S07174,train
S10102,train
S08329,train
S14890,train
S01087,train
S06799,train
S13389,train
S07879,train
S08116,train
S03981,train
S14885,train
S00141,train
S09288,train
S03479,train
S13747,train
S07173,train
S07516,train
S00088,train
S14047,train
S19654,train
S00187,train
S06562,train
S18309,train
S17685,train
S15597,train
S08614,train
S14377,train
S06387,train
S19215,train
S05051,train
S12595,train
S16401,train
S09337,train
S04831,train
S07070,train
S16960,train
S17312,train
S14330,train
S07927,train
S14844,train
S07493,train
S12333,train
S03656,train
S12669,train
S03614,train
S02788,train
S18914,train
S17944,train
S01169,train
S09812,train
S03385,train
S13004,train
S03321,train
S05497,train
S08267,train
S19461,train
S04019,train
S06612,train
S14517,train
S19064,train
S02662,train
S19939,train
S08676,train
S14615,train
S06945,train
S05518,train
S00124,train
S11100,train
S17445,train
S19757,train
S05128,train
S03898,train
S13182,train
S07795,train
S12892,train
S05550,train
S14789,train
S02045,train
S04095,train
S14973,train
S01198,train
S12226,train
S18713,train
S02258,train
S01382,train
S15424,train
S12679,train
S15832,train
S17209,train
S19899,train
S08721,train
S11556,train
S09387,train
S17407,train
S03239,train
S03905,train
S00546,train
S14905,train
S09926,train
S00560,train
S12076,train
S18120,train
S14267,train
S02124,train
S09353,train
S00405,train
S08107,train
S05318,train
S16916,train
S09340,train
S18785,train
S04720,train
S17689,train
S19088,train
S14483,train
S01241,train
S11049,train
S12440,train
S05751,train
S18973,train
S13883,train
S04877,train
S10620,train
S09881,train
S08969,train
S08447,train
S08889,train
S06532,train
S04598,train
S06748,train
S04476,train
S09831,train
S01164,train
S00581,train
S19025,train
S10817,train
S05561,train
S05992,train
S05464,train
S18143,train
S11031,train
S19976,train
S13144,train
S07356,train
S18523,train
S00398,train
S01892,train
S12000,train
S01007,train
S12759,train
S16067,train
S01496,train
S01213,train
S11653,train
S00516,train
S09712,train
S16565,train
S03118,train
S16295,train
S14007,train
S03101,train
S15914,train
S09108,train
S08162,train
S14892,train
S05977,train
S15240,train
S12656,train
S07032,train
S05896,train
S15575,train
S16368,train
S06510,train
S02890,train
S09148,train
S14711,train
S17916,train
S01284,train
S11140,train
S02004,train
S10519,train
S16700,train
S07307,train
S02780,train
S08963,train
S04086,train
S03534,train
S11718,train
S07008,train
S06393,train
S08956,train
S08480,train
S00971,train
S10908,train
S17548,train
S10622,train
S11185,train
S07442,train
S14401,train
S15015,train
S06825,train
S19197,train
S11646,train
S11539,train
S14585,train
S16911,train
S08659,train
S04404,train
S12880,train
S03474,train
S19854,train
S11664,train
S05914,train
S17080,train
S00375,train
S14111,train
S13945,train
S04689,train
S10689,train
S09451,train
S04899,train
S10779,train
S11776,train
S07142,train
S04435,train
S06864,train
S11338,train
S12687,train
S16156,train
S18318,train
S13029,train
S00554,train
S18732,train
S02313,train
S03440,train
S01015,train
S14240,train
S02184,train
S14481,train
S11843,train
S19030,train
S09497,train
S09862,train
S13873,train
S08542,train
S01928,train
S01793,train
S14774,train
S19708,train
S14303,train
S19384,train
S10337,train
S17569,train
S03889,train
S08930,train
S16351,train
S09834,train
S06314,train
S03331,train
S19960,train
S11933,train
S03696,train
S00027,train
S19639,train
S06397,train
S13969,train
S02170,train
S17947,train
S11032,train
S02435,train
S17708,train
S06621,train
S03782,train
S04867,train
S05029,train
S02018,train
S17676,train
S12680,train
S18646,train
S03373,train
S15984,train
S11573,train
S00910,train
S08342,train
S11503,train
S19816,train
S17035,train
S00745,train
S06032,train
S16470,train
S10830,train
S12727,train
S00950,train
S16425,train
S13147,train
S00531,train
S10498,train
S00301,train
S08722,train
S09099,train
S17875,train
S09291,train
S17447,train
S17544,train
S01528,train
S09065,train
S15225,train
S05583,train
S16151,train
S01913,train
S17224,train
S05847,train
S07709,train
S05620,train
S18097,train
S11292,train
S14321,train
S11447,train
S07066,train
S13642,train
S03334,train
S14013,train
S18576,train
S11671,train
S10960,train
S05704,train
S17054,train
S05991,train
S14763,train
S12923,train
S19910,train
S10108,train
S14232,train
S11683,train
S19101,train
S00470,train
S18246,train
S12789,train
S07168,train
S18259,train
S19735,train
S17855,train
S08619,train
S08222,train
S11281,train
S02304,train
S07513,train
S07861,train
S10854,train
S09731,train
S01295,train
S19503,train
S00109,train
S06086,train
S19350,train
S01424,train
S03827,train
S11326,train
S14505,train
S17373,train
S03376,train
S17391,train
S13672,train
S02698,train
S10389,train
S18003,train
S08124,train
S09407,train
S14645,train
S06760,train
S08711,train
S17171,train
S16520,train
S16507,train
S08090,train
S17117,train
S15064,train
S01991,train
S12963,train
S04874,train
S00618,train
S07820,train
S00636,train
S15534,train
S04408,train
S02200,train
S16545,train
S01806,train
S11205,train
S13343,train
S10054,train
S09630,train
S19621,train
S06577,train
S14394,train
S06357,train
S17470,train
S18814,train
S11229,train
S15127,train
S06769,train
S04733,train
S14356,train
S01772,train
S00247,train
S10143,train
S01942,train
S18981,train
S08913,train
S04906,train
S05533,train
S15126,train
S11095,train
S01510,train
S08133,train
S12429,train
S03630,train
S14642,train
S15333,train
S07540,train
S08018,train
S00824,train
S16779,train
S01209,train
S06491,train
S09686,train
S02467,train
S18453,train
S18364,train
S12265,train
S19747,train
S19956,train
S09349,train
S03187,train
S06173,train
S16582,train
S16229,train
S08303,train
S11980,train
S02751,train
S07846,train
S04563,train
S09225,train
S09671,train
S15743,train
S10135,train
S14581,train
S05668,train
S04693,train
S09605,train
S01481,train
S05778,train
S10860,train
S13431,train
S16259,train
S04780,train
S16060,train
S16241,train
S07806,train
S00529,train
S00855,train
S11156,train
S15612,train
S16486,train
S17849,train
S08346,train
S12168,train
S07401,train
S08216,train
S16839,train
S14194,train
S02323,train
S10335,train
S07992,train
S08736,train
S10236,train
S10521,train
S19768,train
S17371,train
S09098,train
S06550,train
S08387,train
S14486,train
S10138,train
S19400,train
S04507,train
S18888,train
S00245,train
S09900,train
S14714,train
S05712,train
S06890,train
S05004,train
S16136,train
S04145,train
S10929,train
S00486,train
S19806,train
S19764,train
S06294,train
S05096,train
S17034,train
S07414,train
S19283,train
S07062,train
S04445,train
S00095,train
S17364,train
S07785,train
S14016,train
S16782,train
S09560,train
S08794,train
S12915,train
S03005,train
S12126,train
S15782,train
S07085,train
S02651,train
S13252,train
S05077,train
S18415,train
S19963,train
S15830,train
S06598,train
S03643,train
S09088,train
S03886,train
S09734,train
S15065,train
S06614,train
S07480,train
S16572,train
S03731,train
S07194,train
S05335,train
S18215,train
S01541,train
S19878,train
S19745,train
S06473,train
S07653,train
S17228,train
S05649,train
S13957,train
S03620,train
S16739,train
S14032,train
S14102,train
S06361,train
S16927,train
S09151,train
S02581,train
S10051,train
S10174,train
S14730,train
S12428,train
S12611,train
S06138,train
S12481,train
S19105,train
S07751,train
S07557,train
S14127,train
S11831,train
S16213,train
S01402,train
S07794,train
S17305,train
S13942,train
S17340,train
S05251,train
S10300,train
S11306,train
S12802,train
S19786,train
S16629,train
S05520,train
S17357,train
S06590,train
S17761,train
S16715,train
S09781,train
S07660,train
S14178,train
S17627,train
S19536,train
S13534,train
S02674,train
S15720,train
S07320,train
S10312,train
S12546,train
S15535,train
S15940,train
S05768,train
S17572,train
S15425,train
S17235,train
S12777,train
S09519,train
S18717,train
S12762,train
S12958,train
S13977,train
S08735,train
S14919,train
S18294,train
S16703,train
S18307,train
S15426,train
S17838,train
S06876,train
S05726,train
S11025,train
S15370,train
S01957,train
S06836,train
S09420,train
S14514,train
S03058,train
S18979,train
S05149,train
S01577,train
S07309,train
S00473,train
S19339,train
S11122,train
S18902,train
S17090,train
S00303,train
S19432,train
S15443,train
S11559,train
S14116,train
S00851,train
S14181,train
S00365,train
S02290,train
S18901,train
S16260,train
S18320,train
S04201,train
S03017,train
S15652,train
S09952,train
S05961,train
S04407,train
S03985,train
S07118,train
S17859,train
S16066,train
S00173,train
S12121,train
S19127,train
S10913,train
S00532,train
S17411,train
S08819,train
S18265,train
S15497,train
S08366,train
S05514,train
S19181,train
S02447,train
S17008,train
S00306,train
S07608,train
S04904,train
S11919,train
S03609,train
S12142,train
S07829,train
S12500,train
S11543,train
S06370,train
S02954,train
S01955,train
S07042,train
S00670,train
S02006,train
S04685,train
S02786,train
S13327,train
S14797,train
S01303,train
S01832,train
S16448,train
S11702,train
S06156,train
S00416,train
S05263,train
S05006,train
S11741,train
S11368,train
S13810,train
S15822,train
S08281,train
S10164,train
S00325,train
S10872,train
S17507,train
S07834,train
S01187,train
S11708,train
S19575,train
S18278,train
S15896,train
S05207,train
S17995,train
S00499,train
S04687,train
S07373,train
S08775,train
S11731,train
S14909,train
S14961,train
S00091,train
S00394,train
S16710,train
S07630,train
S09704,train
S08035,train
S12060,train
S13150,train
S09055,train
S08536,train
S13756,train
S19781,train
S16973,train
S19444,train
S10515,train
S11802,train
S18863,train
S07382,train
S00854,train
S07090,train
S07227,train
S02626,train
S15910,train
S01397,train
S05138,train
S07472,train
S06845,train
S01602,train
S13547,train
S03793,train
S13298,train
S13300,train
S05421,train
S18651,train
S04630,train
S19266,train
S02098,train
S01049,train
S03282,train
S13493,train
S11430,train
S09525,train
S00367,train
S11972,train
S01760,train
S12081,train
S16274,train
S07275,train
S05452,train
S08599,train
S04147,train
S19634,train
S13248,train
S15511,train
S04859,train
S03416,train
S08648,train
S12144,train
S04871,train
S14270,train
S09853,train
S08302,train
S18599,train
S05918,train
S10746,train
S04984,train
S17349,train
S01389,train
S06536,train
S13915,train
S13376,train
S00234,train
S00728,train
S16929,train
S03379,train
S16984,train
S15794,train
S13299,train
S05921,train
S13183,train
S06288,train
S01320,train
S09821,train
S05495,train
S05463,train
S13152,train
S01002,train
S02615,train
S08158,train
S07932,train
S01181,train
S12836,train
S07534,train
S03296,train
S00887,train
S11769,train
S14304,train
S06318,train
S03305,train
S18238,train
S17942,train
S12819,train
S10109,train
S11313,train
S10509,train
S03068,train
S16341,train
S09628,train
S13225,train
S06668,train
S18440,train
S16095,train
S16006,train
S03504,train
S12710,train
S14428,train
S19968,train
S12214,train
S07556,train
S08053,train
S06306,train
S13079,train
S05150,train
S12172,train
S15580,train
S09803,train
S07073,train
S03755,train
S05031,train
S01558,train
S09987,train
S19797,train
S06280,train
S06602,train
S10822,train
S10875,train
S08262,train
S14350,train
S08828,train
S19655,train
S19147,train
S01700,train
S03044,train
S09454,train
S16770,train
S08802,train
S04746,train
S14081,train
S11079,train
S01754,train
S03881,train
S07040,train
S01360,train
S09074,train
S13381,train
S17577,train
S18257,train
S04846,train
S15156,train
S06767,train
S06870,train
S19314,train
S11805,train
S06969,train
S15549,train
S03219,train
S17092,train
S18607,train
S05782,train
S14019,train
S09426,train
S11351,train
S17097,train
S14879,train
S19753,train
S08628,train
S05131,train
S02901,train
S18841,train
S18957,train
S00564,train
S19850,train
S01132,train
S13274,train
S00916,train
S06062,train
S15518,train
S07338,train
S07876,train
S07581,train
S03867,train
S00227,train
S13208,train
S14080,train
S11721,train
S00307,train
S19792,train
S08635,train
S10399,train
S02100,train
S06337,train
S00617,train
S17605,train
S19263,train
S14755,train
S15362,train
S18704,train
S16537,train
S19865,train
S01469,train
S04715,train
S02506,train
S00982,train
S17394,train
S03046,train
S11340,train
S13018,train
S05117,train
S18508,train
S12034,train
S18504,train
S13145,train
S12968,train
S10268,train
S06757,train
S00518,train
S04341,train
S13980,train
S10988,train
S06074,train
S09713,train
S18551,train
S03952,train
S06477,train
S16005,train
S11583,train
S04658,train
S11691,train
S16093,train
S10776,train
S08320,train
S06937,train
S10829,train
S15254,train
S16055,train
S10585,train
S09542,train
S04929,train
S16488,train
S10537,train
S16761,train
S01594,train
S01650,train
S03258,train
S10434,train
S01244,train
S10916,train
S00752,train
S06927,train
S13510,train
S10167,train
S19605,train
S08950,train
S18400,train
S13407,train
S11562,train
S14955,train
S11616,train
S00202,train
S00813,train
S18362,train
S17602,train
S09711,train
S07604,train
S07740,train
S03437,train
S00623,train
S15399,train
S01829,train
S07613,train
S19435,train
S08643,train
S14374,train
S04842,train
S05957,train
S06545,train
S11003,train
S18557,train
S11963,train
S07165,train
S06528,train
S04878,train
S03374,train
S14430,train
S09948,train
S15278,train
S16106,train
S13129,train
S11620,train
S17087,train
S14085,train
S04665,train
S18498,train
S10020,train
S06559,train
S08205,train
S17973,train
S17179,train
S04442,train
S12640,train
S01874,train
S13404,train
S13264,train
S04663,train
S13408,train
S11867,train
S08994,train
S08914,train
S00287,train
S13313,train
S02191,train
S17943,train
S07297,train
S11395,train
S09091,train
S18450,train
S13814,train
S15620,train
S14090,train
S13271,train
S13459,train
S09066,train
S02280,train
S00050,train
S15776,train
S15322,train
S16208,train
S10372,train
S03838,train
S19644,train
S06547,train
S11046,train
S06929,train
S10986,train
S08654,train
S17767,train
S12164,train
S15812,train
S09579,train
S14193,train
S14183,train
S07588,train
S06987,train
S18286,train
S03199,train
S00097,train
S07128,train
S00522,train
S08710,train
S14408,train
S04394,train
S01669,train
S01712,train
S00181,train
S04468,train
S01407,train
S12175,train
S09150,train
S17910,train
S02357,train
S18926,train
S17243,train
S01566,train
S16265,train
S08556,train
S01987,train
S07800,train
S06276,train
S09185,train
S13894,train
S18290,train
S11714,train
S01289,train
S01923,train
S02463,train
S06472,train
S11245,train
S06649,train
S19253,train
S00589,train
S00092,train
S01422,train
S01742,train
S16248,train
S06739,train
S13912,train
S06959,train
S15586,train
S06412,train
S15498,train
S05234,train
S02640,train
S09464,train
S14606,train
S15035,train
S15389,train
S06184,train
S18036,train
S14937,train
S07056,train
S19194,train
S06720,train
S15508,train
S08093,train
S00177,train
S07046,train
S08749,train
S16692,train
S18175,train
S03071,train
S10442,train
S15903,train
S09275,train
S17848,train
S12487,train
S05800,train
S11626,train
S13235,train
S01597,train
S11650,train
S18568,train
S11581,train
S10662,train
S17582,train
S09884,train
S00275,train
S13188,train
S10896,train
S11425,train
S19765,train
S18854,train
S08690,train
S07196,train
S07348,train
S00655,train
S05939,train
S01645,train
S15637,train
S16080,train
S05125,train
S13056,train
S14907,train
S03847,train
S09609,train
S19601,train
S10926,train
S16348,train
S07468,train
S19441,train
S05938,train
S12648,train
S14412,train
S09878,train
S02666,train
S08096,train
S09895,train
S08325,train
S19509,train
S00395,train
S10773,train
S13453,train
S08293,train
S13706,train
S09343,train
S06786,train
S09153,train
S15710,train
S15435,train
S02293,train
S15873,train
S07461,train
S14641,train
S02924,train
S16902,train
S05371,train
S15582,train
S03602,train
S07624,train
S19319,train
S01621,train
S14525,train
S01886,train
S18193,train
S06331,train
S07855,train
S17069,train
S16476,train
S10226,train
S04917,train
S18987,train
S08050,train
S14485,train
S13037,train
S15160,train
S04947,train
S02753,train
S14981,train
S08709,train
S07375,train
S17818,train
S12275,train
S12445,train
S17930,train
S14865,train
S15039,train
S04508,train
S00066,train
S19562,train
S15737,train
S14977,train
S11040,train
S19168,train
S19177,train
S00479,train
S07019,train
S10395,train
S02234,train
S05834,train
S14828,train
S15882,train
S01543,train
S05882,train
S16637,train
S17788,train
S04043,train
S16612,train
S04401,train
S09336,train
S12426,train
S12194,train
S05114,train
S12101,train
S05963,train
S15030,train
S01242,train
S01522,train
S11384,train
S19972,train
S04298,train
S19983,train
S13553,train
S12817,train
S12960,train
S03435,train
S12213,train
S14801,train
S06645,train
S05375,train
S10808,train
S08111,train
S17344,train
S02617,train
S14659,train
S05783,train
S01711,train
S09865,train
S00284,train
S13750,train
S04139,train
S19042,train
S02332,train
S18381,train
S08200,train
S11081,train
S17149,train
S02201,train
S12932,train
S02560,train
S10349,train
S10255,train
S17164,train
S06608,train
S13023,train
S05143,train
S13247,train
S03809,train
S17279,train
S18136,train
S07023,train
S13526,train
S12222,train
S03505,train
S07413,train
S04103,train
S08597,train
S19424,train
S08420,train
S06789,train
S09657,train
S18962,train
S13676,train
S18089,train
S18428,train
S08102,train
S06774,train
S16272,train
S13243,train
S00638,train
S08372,train
S05119,train
S08570,train
S13876,train
S01030,train
S02953,train
S00697,train
S17020,train
S18794,train
S18151,train
S17418,train
S13205,train
S09824,train
S10308,train
S12744,train
S14236,train
S13138,train
S10493,train
S02482,train
S01762,train
S14049,train
S00648,train
S14793,train
S02015,train
S15572,train
S19139,train
S07471,train
S04548,train
S14559,train
S17158,train
S14523,train
S07139,train
S08239,train
S07318,train
S18258,train
S00246,train
S04168,train
S14956,train
S07384,train
S08520,train
S13103,train
S16200,train
S08727,train
S14052,train
S11209,train
S05152,train
S19159,train
S06623,train
S13488,train
S16010,train
S13120,train
S04281,train
S09457,train
S00417,train
S04479,train
S07942,train
S04465,train
S14791,train
S04860,train
S19877,train
S13416,train
S00374,train
S08674,train
S10187,train
S04138,train
S16177,train
S18803,train
S02660,train
S14177,train
S09449,train
S06456,train
S06022,train
S03552,train
S08399,train
S00866,train
S07577,train
S10675,train
S14753,train
S14738,train
S12993,train
S02008,train
S01462,train
S10613,train
S06509,train
S10764,train
S05001,train
S16189,train
S08875,train
S14673,train
S04188,train
S14737,train
S11427,train
S01975,train
S13483,train
S00983,train
S04429,train
S06998,train
S18486,train
S03261,train
S02874,train
S11213,train
S01225,train
S07781,train
S06345,train
S03712,train
S05710,train
S01681,train
S12023,train
S13396,train
S14100,train
S03163,train
S08835,train
S08728,train
S01026,train
S15973,train
S07562,train
S16363,train
S02355,train
S00236,train
S12441,train
S08120,train
S16329,train
S13991,train
S14910,train
S13943,train
S17037,train
S18419,train
S17188,train
S01954,train
S01020,train
S07245,train
S12145,train
S00952,train
S06798,train
S07530,train
S17351,train
S07775,train
S15823,train
S15460,train
S05755,train
S02351,train
S17361,train
S11716,train
S08700,train
S17575,train
S18344,train
S11707,train
S00235,train
S02717,train
S01025,train
S07767,train
S01615,train
S00694,train
S19363,train
S14668,train
S06140,train
S19870,train
S07665,train
S10652,train
S08541,train
S09839,train
S14698,train
S17211,train
S16182,train
S10169,train
S16644,train
S15707,train
S10775,train
S19201,train
S17853,train
S08545,train
S16863,train
S17165,train
S15683,train
S12320,train
S13116,train
S05606,train
S10767,train
S11575,train
S06835,train
S19083,train
S03547,train
S09587,train
S18834,train
S15042,train
S14852,train
S01346,train
S19500,train
S03915,train
S03290,train
S07350,train
S04553,train
S12497,train
S04964,train
S19068,train
S16932,train
S15898,train
S19588,train
S00426,train
S17085,train
S12623,train
S06770,train
S12626,train
S11221,train
S05243,train
S12666,train
S10437,train
S06935,train
S01099,train
S04454,train
S04395,train
S08360,train
S02962,train
S01353,train
S17480,train
S15331,train
S18037,train
S13607,train
S00161,train
S13913,train
S17329,train
S15236,train
S09965,train
S11151,train
S13703,train
S12289,train
S01197,train
S17570,train
S05690,train
S19617,train
S12849,train
S04594,train
S05345,train
S09373,train
S13054,train
S02784,train
S18677,train
S07366,train
S08446,train
S09314,train
S03567,train
S14872,train
S04541,train
S06552,train
S02493,train
S09672,train
S18478,train
S11080,train
S17237,train
S12972,train
S19140,train
S08430,train
S03304,train
S16439,train
S04673,train
S16632,train
S09732,train
S08092,train
S08398,train
S12189,train
S16130,train
S17527,train
S18654,train
S19610,train
S03386,train
S15698,train
S09213,train
S16165,train
S19831,train
S12257,train
S15122,train
S11666,train
S16870,train
S08513,train
S00573,train
S07568,train
S17142,train
S18243,train
S02326,train
S08383,train
S19946,train
S13577,train
S16068,train
S19198,train
S05423,train
S12907,train
S02525,train
S14601,train
S12340,train
S06452,train
S15181,train
S01713,train
S13875,train
S10210,train
S01405,train
S05475,train
S10715,train
S19250,train
S19587,train
S08089,train
S09280,train
S08315,train
S07662,train
S10275,train
S06291,train
S17926,train
S14882,train
S18588,train
S13374,train
S01142,train
S18857,train
S12379,train
S13494,train
S18234,train
S06009,train
S12106,train
S07916,train
S04751,train
S05476,train
S15229,train
S14466,train
S02902,train
S19969,train
S14026,train
S08075,train
S19202,train
S09709,train
S16636,train
S09606,train
S15630,train
S03640,train
S13395,train
S17866,train
S14712,train
S08668,train
S02114,train
S06018,train
S14713,train
S02869,train
S14706,train
S18900,train
S05823,train
S16628,train
S06871,train
S16639,train
S07676,train
S15692,train
S10544,train
S07589,train
S13698,train
S11703,train
S11826,train
S15719,train
S14495,train
S16497,train
S06301,train
S18747,train
S13749,train
S00658,train
S00152,train
S14358,train
S06285,train
S17163,train
S06558,train
S11283,train
S15734,train
S00407,train
S05689,train
S16719,train
S05167,train
S19295,train
S07466,train
S05610,train
S15051,train
S08550,train
S04514,train
S08354,train
S06949,train
S17899,train
S12529,train
S15140,train
S09828,train
S16820,train
S01432,train
S06682,train
S19474,train
S04695,train
S09623,train
S01009,train
S17374,train
S08892,train
S05885,train
S03723,train
S15464,train
S18211,train
S12781,train
S17581,train
S19406,train
S01489,train
S10962,train
S11099,train
S06627,train
S07787,train
S09355,train
S14650,train
S07939,train
S04134,train
S18907,train
S09615,train
S01831,train
S04347,train
S15017,train
S02872,train
S03724,train
S03914,train
S11082,train
S09259,train
S14945,train
S02911,train
S06312,train
S19487,train
S13866,train
S12491,train
S13338,train
S06587,train
S00459,train
S10957,train
S19704,train
S01461,train
S17077,train
S15499,train
S15433,train
S12728,train
S13811,train
S04857,train
S07737,train
S13476,train
S00534,train
S16750,train
S07421,train
S08286,train
S05947,train
S09679,train
S09513,train
S18109,train
S12305,train
S06433,train
S14640,train
S03974,train
S04989,train
S10471,train
S05346,train
S19255,train
S15047,train
S04350,train
S09410,train
S13770,train
S10459,train
S10570,train
S16677,train
S04044,train
S02886,train
S11374,train
S15642,train
S00488,train
S19966,train
S09971,train
S10732,train
S09428,train
S00282,train
S04056,train
S05241,train
S16634,train
S06282,train
S12712,train
S00630,train
S14390,train
S17616,train
S13429,train
S17842,train
S08807,train
S13006,train
S08790,train
S02164,train
S10910,train
S03197,train
S14031,train
S07269,train
S14001,train
S01548,train
S15610,train
S15257,train
S18436,train
S17606,train
S03363,train
S14363,train
S02500,train
S06863,train
S11670,train
S12119,train
S09759,train
S01623,train
S09552,train
S06106,train
S18628,train
S12377,train
S17348,train
S11109,train
S10347,train
S19595,train
S16355,train
S11746,train
S13020,train
S16027,train
S07915,train
S02087,train
S17051,train
S09240,train
S11483,train
S14272,train
S15252,train
S13562,train
S10670,train
S07815,train
S16297,train
S01536,train
S08324,train
S19699,train
S11808,train
S15318,train
S19385,train
S16117,train
S12967,train
S07773,train
S11848,train
S15908,train
S07169,train
S16296,train
S04054,train
S14827,train
S06591,train
S09861,train
S19471,train
S16525,train
S17499,train
S00654,train
S09808,train
S10972,train
S11456,train
S12216,train
S13908,train
S06883,train
S00496,train
S18048,train
S15402,train
S16831,train
S10588,train
S16388,train
S10417,train
S13113,train
S12215,train
S14629,train
S11115,train
S00049,train
S11643,train
S00999,train
S01264,train
S04356,train
S13692,train
S02627,train
S02750,train
S07422,train
S03509,train
S09680,train
S06554,train
S19234,train
S07603,train
S12839,train
S08740,train
S19756,train
S19671,train
S06777,train
S10121,train
S17138,train
S13393,train
S19515,train
S07619,train
S15724,train
S04999,train
S17820,train
S19613,train
S00248,train
S04718,train
S08608,train
S04538,train
S05526,train
S10506,train
S05890,train
S09912,train
S00741,train
S16785,train
S16414,train
S01848,train
S12757,train
S11070,train
S10529,train
S09856,train
S08341,train
S19425,train
S05109,train
S02568,train
S10066,train
S04566,train
S03540,train
S01914,train
S08310,train
S04167,train
S04632,train
S04494,train
S07017,train
S11603,train
S18658,train
S13109,train
S00987,train
S19357,train
S05410,train
S15429,train
S11684,train
S12699,train
S10699,train
S03422,train
S19361,train
S00113,train
S00193,train
S02048,train
S12186,train
S09604,train
S18977,train
S09390,train
S11632,train
S06283,train
S12569,train
S09120,train
S08463,train
S08256,train
S08078,train
S19759,train
S18103,train
S11852,train
S08776,train
S17156,train
S13990,train
S05771,train
S06289,train
S18158,train
S16337,train
S13615,train
S18276,train
S13257,train
S00978,train
S08192,train
S04301,train
S01508,train
S14707,train
S00238,train
S09943,train
S00431,train
S16601,train
S14507,train
S08386,train
S18655,train
S02689,train
S05347,train
S07494,train
S07236,train
S10800,train
S04459,train
S06377,train
S11266,train
S09789,train
S09515,train
S08846,train
S18954,train
S08333,train
S06012,train
S16035,train
S14162,train
S14499,train
S14339,train
S09650,train
S13372,train
S06091,train
S14838,train
S01376,train
S07718,train
S04307,train
S18379,train
S19020,train
S03745,train
S02166,train
S04076,train
S14426,train
S12999,train
S00784,train
S07506,train
S08007,train
S01504,train
S18806,train
S15132,train
S06781,train
S01906,train
S02813,train
S17674,train
S12606,train
S01480,train
S07596,train
S17222,train
S15931,train
S05673,train
S03149,train
S13550,train
S16206,train
S06519,train
S15615,train
S19767,train
S09219,train
S16925,train
S08412,train
S18844,train
S11404,train
S01733,train
S15688,train
S19844,train
S17153,train
S10306,train
S05036,train
S05013,train
S12323,train
S03235,train
S05907,train
S15146,train
S02540,train
S10229,train
S01517,train
S08083,train
S02276,train
S04994,train
S04450,train
S19246,train
S02970,train
S00799,train
S01505,train
S13474,train
S08046,train
S06837,train
S02664,train
S14874,train
S02128,train
S10925,train
S11297,train
S04023,train
S02473,train
S01212,train
S13336,train
S10811,train
S09370,train
S09736,train
S09638,train
S02489,train
S17830,train
S16360,train
S11325,train
S08094,train
S11307,train
S11217,train
S11859,train
S03014,train
S09094,train
S18296,train
S18652,train
S17399,train
S09176,train
S00782,train
S00714,train
S15066,train
S08191,train
S09658,train
S15856,train
S10152,train
S01008,train
S17551,train
S13838,train
S01084,train
S03207,train
S00988,train
S15271,train
S07856,train
S12486,train
S04073,train
S19225,train
S10162,train
S15888,train
S19419,train
S16506,train
S09644,train
S19988,train
S16157,train
S07151,train
S19649,train
S02083,train
S00771,train
S08347,train
S18949,train
S05445,train
S00349,train
S17792,train
S07722,train
S15397,train
S17335,train
S01946,train
S06628,train
S11036,train
S00435,train
S17339,train
S10022,train
S18463,train
S07797,train
S15836,train
S10950,train
S12742,train
S17798,train
S03953,train
S06065,train
S01620,train
S02481,train
S17273,train
S13121,train
S09274,train
S16693,train
S04183,train
S11247,train
S02518,train
S02394,train
S06083,train
S06129,train
S19602,train
S00413,train
S00538,train
S11924,train
S13687,train
S13804,train
S13191,train
S09360,train
S02686,train
S14569,train
S10464,train
S16050,train
S02302,train
S09537,train
S02965,train
S09782,train
S10981,train
S11222,train
S13249,train
S01521,train
S19620,train
S15560,train
S04796,train
S01808,train
S17965,train
S00779,train
S00434,train
S06941,train
S00501,train
S01687,train
S08952,train
S17912,train
S19710,train
S02880,train
S06441,train
S13724,train
S19810,train
S06474,train
S00457,train
S14996,train
S09797,train
S16847,train
S14985,train
S08044,train
S00873,train
S03106,train
S10768,train
S03562,train
S10796,train
S13796,train
S06315,train
S15954,train
S14174,train
S03450,train
S14099,train
S00850,train
S08885,train
S13820,train
S04544,train
S09566,train
S17537,train
S11854,train
S07150,train
S08805,train
S03982,train
S04412,train
S12122,train
S14762,train
S12419,train
S01668,train
S14432,train
S16756,train
S02607,train
S01299,train
S06928,train
S05512,train
S05657,train
S02405,train
S03664,train
S01971,train
S18918,train
S07569,train
S11788,train
S17568,train
S16519,train
S00410,train
S05404,train
S10001,train
S03703,train
S13987,train
S05132,train
S12301,train
S13663,train
S18755,train
S12490,train
S02187,train
S09733,train
S13309,train
S11335,train
S05334,train
S14578,train
S02842,train
S14716,train
S01034,train
S02754,train
S13871,train
S06192,train
S11476,train
S05622,train
S02415,train
S10679,train
S16012,train
S01296,train
S01175,train
S14681,train
S17782,train
S11567,train
S10365,train
S04921,train
S00547,train
S16044,train
S01202,train
S09068,train
S02783,train
S02386,train
S03776,train
S11423,train
S05556,train
S03583,train
S07469,train
S14544,train
S10286,train
S04333,train
S01660,train
S02502,train
S07345,train
S19420,train
S05613,train
S00767,train
S06710,train
S08498,train
S11835,train
S15006,train
S02229,train
S18535,train
S00373,train
S09455,train
S00213,train
S06311,train
S18503,train
S14036,train
S05500,train
S11147,train
S08587,train
S00261,train
S14520,train
S02769,train
S02218,train
S16730,train
S00455,train
S09143,train
S12719,train
S09233,train
S10458,train
S10539,train
S04087,train
S17369,train
S03152,train
S16675,train
S11785,train
S12976,train
S10470,train
S09399,train
S19490,train
S03092,train
S13364,train
S07394,train
S13043,train
S09784,train
S06891,train
S17796,train
S14325,train
S14989,train
S07349,train
S10411,train
S15013,train
S02930,train
S15726,train
S13073,train
S10505,train
S15072,train
S09265,train
S15227,train
S19951,train
S18348,train
S08243,train
S03432,train
S06861,train
S08845,train
S19320,train
S09885,train
S19847,train
S18329,train
S02762,train
S17565,train
S00004,train
S04241,train
S09942,train
S12190,train
S16642,train
S13316,train
S06610,train
S14121,train
S09128,train
S03028,train
S15797,train
S16581,train
S11343,train
S19052,train
S04798,train
S01001,train
S15421,train
S01109,train
S18133,train
S00698,train
S08231,train
S10234,train
S01347,train
S03357,train
S09429,train
S09594,train
S06975,train
S06806,train
S08843,train
S19230,train
S04252,train
S13479,train
S02709,train
S00429,train
S10397,train
S01857,train
S01201,train
S18137,train
S06892,train
S17028,train
S07021,train
S07470,train
S00796,train
S09038,train
S02854,train
S05248,train
S14427,train
S06926,train
S04655,train
S18219,train
S19815,train
S15760,train
S11252,train
S05113,train
S08336,train
S15626,train
S09852,train
S03870,train
S19479,train
S18049,train
S17074,train
S01671,train
S15651,train
S03359,train
S01736,train
S08567,train
S01459,train
S15068,train
S13377,train
S05987,train
S01980,train
S15482,train
S03329,train
S04516,train
S16580,train
S10381,train
S09147,train
S05252,train
S09506,train
S15779,train
S02835,train
S06428,train
S19718,train
S11855,train
S18067,train
S03735,train
S06604,train
S18564,train
S09318,train
S11873,train
S11260,train
S00838,train
S00352,train
S07954,train
S10871,train
S01021,train
S06707,train
S01266,train
S09097,train
S07214,train
S09840,train
S13623,train
S10770,train
S01393,train
S01108,train
S04297,train
S12146,train
S11569,train
S19788,train
S12278,train
S19112,train
S11328,train
S08595,train
S04691,train
S12151,train
S06793,train
S19900,train
S02267,train
S05443,train
S17776,train
S05665,train
S16834,train
S17697,train
S05295,train
S17271,train
S17461,train
S15977,train
S18970,train
S02264,train
S04670,train
S14219,train
S03292,train
S18596,train
S13310,train
S01786,train
S18910,train
S00576,train
S18959,train
S02163,train
S07126,train
S07028,train
S10724,train
S09311,train
S13937,train
S15622,train
S11940,train
S13528,train
S07292,train
S19570,train
S18159,train
S07274,train
S03142,train
S18359,train
S18115,train
S19182,train
S02875,train
S02344,train
S11169,train
S06880,train
S07791,train
S02706,train
S16527,train
S07908,train
S13427,train
S11371,train
S17453,train
S00961,train
S13409,train
S04900,train
S13863,train
S18625,train
S10034,train
S05285,train
S00424,train
S06021,train
S13541,train
S00519,train
S00732,train
S11687,train
S02395,train
S15757,train
S05017,train
S03055,train
S03227,train
S11303,train
S12934,train
S00317,train
S03136,train
S08368,train
S01588,train
S18869,train
S09751,train
S07903,train
S04613,train
S01820,train
S12984,train
S17056,train
S05116,train
S09930,train
S02442,train
S02859,train
S02165,train
S00514,train
S04362,train
S12483,train
S17741,train
S10968,train
S19695,train
S18800,train
S05222,train
S11921,train
S14220,train
S01599,train
S08227,train
S07177,train
S17682,train
S16695,train
S00120,train
S19111,train
S12601,train
S12057,train
S08188,train
S08226,train
S00816,train
S01166,train
S06973,train
S18183,train
S06702,train
S19687,train
S13007,train
S04040,train
S07117,train
S16655,train
S11540,train
S09692,train
S05537,train
S17415,train
S10265,train
S01677,train
S13287,train
S08071,train
S12250,train
S12309,train
S09165,train
S13558,train
S15879,train
S10429,train
S10587,train
S04855,train
S06698,train
S06439,train
S09194,train
S00493,train
S07810,train
S15722,train
S18033,train
S08707,train
S01948,train
S18953,train
S18166,train
S19335,train
S13841,train
S10297,train
S01143,train
S09810,train
S02335,train
S17109,train
S02099,train
S18131,train
S17073,train
S03240,train
S18449,train
S11777,train
S01983,train
S04738,train
S12273,train
S06170,train
S08127,train
S17940,train
S10965,train
S02000,train
S15559,train
S15991,train
S17464,train
S04438,train
S14271,train
S14886,train
S01518,train
S05215,train
S10321,train
S09547,train
S10565,train
S05299,train
S06309,train
S10877,train
S06358,train
S18298,train
S14994,train
S05392,train
S03748,train
S03679,train
S13169,train
S18481,train
S11923,train
S02516,train
S11039,train
S07983,train
S00579,train
S03455,train
S03647,train
S16174,train
S17816,train
S03020,train
S14675,train
S03681,train
S12559,train
S08753,train
S18866,train
S12736,train
S08548,train
S12787,train
S08458,train
S12064,train
S07533,train
S03979,train
S09767,train
S17248,train
S08052,train
S19612,train
S16797,train
S12092,train
S10364,train
S04351,train
S09252,train
S10409,train
S18188,train
S12939,train
S18086,train
S10574,train
S13168,train
S14651,train
S13355,train
S19545,train
S16283,train
S08683,train
S08640,train
S19049,train
S10131,train
S05005,train
S15490,train
S07195,train
S03353,train
S12943,train
S05625,train
S00030,train
S00467,train
S18231,train
S01436,train
S11599,train
S09287,train
S04258,train
S08630,train
S07157,train
S09222,train
S03430,train
S05542,train
S07572,train
S15423,train
S00137,train
S06356,train
S14928,train
S18319,train
S17692,train
S13155,train
S00061,train
S12737,train
S16160,train
S18497,train
S05358,train
S17278,train
S06603,train
S01525,train
S13487,train
S04222,train
S04189,train
S08149,train
S16426,train
S09957,train
S04597,train
S18314,train
S18765,train
S04181,train
S10080,train
S05135,train
S13617,train
S04251,train
S17917,train
S12538,train
S03027,train
S06622,train
S00304,train
S13288,train
S04264,train
S08152,train
S15114,train
S08304,train
S08101,train
S07453,train
S19947,train
S15249,train
S04045,train
S03599,train
S13260,train
S11509,train
S12118,train
S17114,train
S04778,train
S01647,train
S11380,train
S00977,train
S16152,train
S04744,train
S10203,train
S19143,train
S05820,train
S09775,train
S14814,train
S03011,train
S13189,train
S00715,train
S00611,train
S14938,train
S10571,train
S02712,train
S05817,train
S09479,train
S08061,train
S07315,train
S19543,train
S10967,train
S19301,train
S00764,train
S16214,train
S13196,train
S13521,train
S05317,train
S13720,train
S00013,train
S08925,train
S12176,train
S03451,train
S07868,train
S00662,train
S02251,train
S05981,train
S06145,train
S02883,train
S17413,train
S14633,train
S11795,train
S03658,train
S11578,train
S09966,train
S04570,train
S00900,train
S18383,train
S08454,train
S15014,train
S17594,train
S03802,train
S17041,train
S17488,train
S00340,train
S11911,train
S16137,train
S03499,train
S10769,train
S10301,train
S15405,train
S11522,train
S17030,train
S15388,train
S06143,train
S03619,train
S09998,train
S07255,train
S14439,train
S10741,train
S08334,train
S17477,train
S12038,train
S18106,train
S09908,train
S10096,train
S01723,train
S02536,train
S07071,train
S07659,train
S04627,train
S16561,train
S16625,train
S06000,train
S08692,train
S08428,train
S12662,train
S11932,train
S19662,train
S10456,train
S15880,train
S08926,train
S14423,train
S16514,train
S05470,train
S15263,train
S17355,train
S00557,train
S18435,train
S13948,train
S18561,train
S17990,train
S18740,train
S00180,train
S19137,train
S05366,train
S18529,train
S05129,train
S10835,train
S06960,train
S11257,train
S00927,train
S13387,train
S19732,train
S00216,train
S13094,train
S00649,train
S04153,train
S11016,train
S15417,train
S10040,train
S09250,train
S18375,train
S11273,train
S07141,train
S16899,train
S12973,train
S19989,train
S13253,train
S05483,train
S19807,train
S14604,train
S06010,train
S06160,train
S15884,train
S16120,train
S03690,train
S15330,train
S17757,train
S13822,train
S14580,train
S10869,train
S03685,train
S09530,train
S10726,train
S18146,train
S01457,train
S02478,train
S12998,train
S11407,train
S08566,train
S07190,train
S16371,train
S06713,train
S05430,train
S19802,train
S18548,train
S18426,train
S16004,train
S03750,train
S10923,train
S11468,train
S11431,train
S16054,train
S06037,train
S11491,train
S19724,train
S01672,train
S02159,train
S09132,train
S00260,train
S09774,train
S04273,train
S08817,train
S06579,train
S08350,train
S09179,train
S02061,train
S01861,train
S02609,train
S09545,train
S11369,train
S11073,train
S09995,train
S00031,train
S16378,train
S16597,train
S14781,train
S03297,train
S19936,train
S04158,train
S06416,train
S00273,train
S09465,train
S18792,train
S14086,train
S01071,train
S04493,train
S12918,train
S12522,train
S00154,train
S08512,train
S07187,train
S13419,train
S04354,train
S11074,train
S12456,train
S00986,train
S04303,train
S19882,train
S14900,train
S11827,train
S14720,train
S06790,train
S01291,train
S07628,train
S13124,train
S17614,train
S16557,train
S18623,train
S14670,train
S04814,train
S00629,train
S02413,train
S04005,train
S05363,train
S05281,train
S10248,train
S17769,train
S08577,train
S03380,train
S15890,train
S17316,train
S03972,train
S18282,train
S06571,train
S02738,train
S14064,train
S16532,train
S03190,train
S01682,train
S17148,train
S01465,train
S02703,train
S12103,train
S16970,train
S15258,train
S10581,train
S18317,train
S05804,train
S07668,train
S09145,train
S11781,train
S02898,train
S08623,train
S19573,train
S08213,train
S10701,train
S09756,train
S18245,train
S16487,train
S04960,train
S02631,train
S13199,train
S11467,train
S05377,train
S12397,train
S08571,train
S15158,train
S00755,train
S07995,train
S00178,train
S16738,train
S14023,train
S01449,train
S10045,train
S12166,train
S04466,train
S14322,train
S15749,train
S17078,train
S17214,train
S11612,train
S05085,train
S16275,train
S16205,train
S18813,train
S08176,train
S14228,train
S07224,train
S16877,train
S03550,train
S15447,train
S04439,train
S05208,train
S02252,train
S16577,train
S09270,train
S16394,train
S05381,train
S18179,train
S12085,train
S14983,train
S16544,train
S08006,train
S05155,train
S09070,train
S06553,train
S08555,train
S07561,train
S03180,train
S19448,train
S16660,train
S13919,train
S16209,train
S09369,train
S05253,train
S16757,train
S03482,train
S02370,train
S09279,train
S13951,train
S13668,train
S13411,train
S06492,train
S03191,train
S18668,train
S04113,train
S09975,train
S04536,train
S06105,train
S09723,train
S10956,train
S05614,train
S11392,train
S05517,train
S05925,train
S01076,train
S08936,train
S10281,train
S07920,train
S09894,train
S08806,train
S10348,train
S19404,train
S08268,train
S01495,train
S13563,train
S04890,train
S04261,train
S01787,train
S02346,train
S15727,train
S11656,train
S06253,train
S04938,train
S03786,train
S03421,train
S01804,train
S18609,train
S05917,train
S01595,train
S19022,train
S07978,train
S02433,train
S11891,train
S05308,train
S14344,train
S02391,train
S15566,train
S14511,train
S01308,train
S19993,train
S11062,train
S18736,train
S14926,train
S17414,train
S02388,train
S08170,train
S17071,train
S13236,train
S12613,train
S00832,train
S13589,train
S14914,train
S17634,train
S08474,train
S10551,train
S09577,train
S11594,train
S04415,train
S07104,train
S00836,train
S15573,train
S12741,train
S16223,train
S01117,train
S16568,train
S06144,train
S11568,train
S02860,train
S09015,train
S10924,train
S19382,train
S03233,train
S10566,train
S17652,train
S10614,train
S17333,train
S05805,train
S04873,train
S14050,train
S04792,train
S07331,train
S02714,train
S15416,train
S05059,train
S07696,train
S11409,train
S00668,train
S03634,train
S08784,train
S16008,train
S12030,train
S09825,train
S18113,train
S05396,train
S01919,train
S11734,train
S05612,train
S16548,train
S14054,train
S05022,train
S13101,train
S11756,train
S15457,train
S16282,train
S02228,train
S14489,train
S05015,train
S03990,train
S14092,train
S01961,train
S19668,train
S01839,train
S05312,train
S03845,train
S17982,train
S10315,train
S12912,train
S17670,train
S18791,train
S08754,train
S12387,train
S10552,train
S04977,train
S10624,train
S17628,train
S11481,train
S15470,train
S06673,train
S05327,train
S05933,train
S18305,train
S01369,train
S10977,train
S18140,train
S18248,train
S17898,train
S00024,train
S10550,train
S08218,train
S08678,train
S10739,train
S15400,train
S18638,train
S02685,train
S19524,train
S02363,train
S06985,train
S00421,train
S18150,train
S02430,train
S03442,train
S15007,train
S11982,train
S15208,train
S05877,train
S10176,train
S07712,train
S01249,train
S18591,train
S06204,train
S02182,train
S14689,train
S13839,train
S18685,train
S14200,train
S16819,train
S04707,train
S04937,train
S03081,train
S02410,train
S02273,train
S18447,train
S11794,train
S16218,train
S02050,train
S01022,validation
S02230,validation
S16299,validation
S00143,validation
S16340,validation
S09312,validation
S03662,validation
S10063,validation
S17617,validation
S05341,validation
S04405,validation
S17252,validation
S01734,validation
S16683,validation
S05716,validation
S00008,validation
S13725,validation
S06778,validation
S13423,validation
S06636,validation
S06910,validation
S06578,validation
S14437,validation
S03093,validation
S02097,validation
S00360,validation
S07264,validation
S09328,validation
S08503,validation
S00094,validation
S12926,validation
S02623,validation
S06502,validation
S01634,validation
S01530,validation
S15022,validation
S18390,validation
S09059,validation
S02707,validation
S00681,validation
S11724,validation
S02055,validation
S07094,validation
S16783,validation
S17978,validation
S11333,validation
S05456,validation
S19722,validation
S11071,validation
S00661,validation
S05634,validation
S19285,validation
S15568,validation
S04422,validation
S12711,validation
S05868,validation
S04861,validation
S12974,validation
S03317,validation
S14870,validation
S07537,validation
S13973,validation
S17283,validation
S03841,validation
S16824,validation
S13701,validation
S04564,validation
S13598,validation
S00605,validation
S06719,validation
S02697,validation
S17987,validation
S09046,validation
S13614,validation
S16402,validation
S17196,validation
S01055,validation
S06451,validation
S11055,validation
S08155,validation
S18460,validation
S03993,validation
S16193,validation
S07076,validation
S00991,validation
S14458,validation
S00257,validation
S16885,validation
S00385,validation
S02676,validation
S11639,validation
S19442,validation
S05833,validation
S04393,validation
S01010,validation
S10134,validation
S11180,validation
S15627,validation
S08074,validation
S05501,validation
S13306,validation
S05515,validation
S16688,validation
S00300,validation
S13457,validation
S13501,validation
S03740,validation
S13732,validation
S07100,validation
S07838,validation
S19211,validation
S18702,validation
S00867,validation
S02082,validation
S09372,validation
S13788,validation
S18731,validation
S14563,validation
S15741,validation
S14078,validation
S18047,validation
S06404,validation
S11991,validation
S01898,validation
S09042,validation
S00734,validation
S10209,validation
S13669,validation
S14671,validation
S17882,validation
S00964,validation
S19748,validation
S05176,validation
S19549,validation
S06894,validation
S06911,validation
S05489,validation
S02879,validation
S08657,validation
S07515,validation
S17267,validation
S14750,validation
S15192,validation
S18673,validation
S15467,validation
S19135,validation
S12681,validation
S10310,validation
S04596,validation
S14141,validation
S10642,validation
S19128,validation
S00786,validation
S10129,validation
S10516,validation
S06349,validation
S01282,validation
S09696,validation
S02844,validation
S14286,validation
S16848,validation
S13727,validation
S03964,validation
S09618,validation
S17936,validation
S06572,validation
S12882,validation
S03565,validation
S10474,validation
S17251,validation
S02805,validation
S01581,validation
S09724,validation
S04555,validation
S03487,validation
S15796,validation
S01494,validation
S00911,validation
S06305,validation
S08600,validation
S08992,validation
S06647,validation
S00423,validation
S13384,validation
S05216,validation
S07866,validation
S07766,validation
S14843,validation
S17713,validation
S03917,validation
S11496,validation
S18017,validation
S11553,validation
S14429,validation
S07584,validation
S05072,validation
S05385,validation
S07957,validation
S13979,validation
S09255,validation
S05624,validation
S12564,validation
S19278,validation
S01546,validation
S06174,validation
S14847,validation
S07733,validation
S07437,validation
S14129,validation
S05399,validation
S19828,validation
S15154,validation
S10078,validation
S15171,validation
S11171,validation
S06747,validation
S00346,validation
S18495,validation
S07792,validation
S11685,validation
S10106,validation
S10322,validation
S06425,validation
S16133,validation
S15736,validation
S16505,validation
S05722,validation
S02398,validation
S18763,validation
S05640,validation
S18786,validation
S01047,validation
S00834,validation
S17636,validation
S10728,validation
S09591,validation
S03224,validation
S04112,validation
S19273,validation
S10083,validation
S16249,validation
S12717,validation
S00660,validation
S07784,validation
S01858,validation
S10457,validation
S15221,validation
S12249,validation
S06405,validation
S05821,validation
S13500,validation
S04381,validation
S11955,validation
S17052,validation
S18451,validation
S03557,validation
S16392,validation
S01701,validation
S15705,validation
S17285,validation
S17301,validation
S18602,validation
S08171,validation
S05159,validation
S07744,validation
S02565,validation
S18620,validation
S06155,validation
S04161,validation
S01319,validation
S01966,validation
S17323,validation
S14476,validation
S08589,validation
S04902,validation
S10319,validation
S08824,validation
S07759,validation
S04595,validation
S02899,validation
S10891,validation
S16155,validation
S01426,validation
S04578,validation
S18584,validation
S09214,validation
S03558,validation
S14643,validation
S02791,validation
S12846,validation
S11367,validation
S05741,validation
S12783,validation
S03913,validation
S09006,validation
S19086,validation
S10959,validation
S07460,validation
S14205,validation
S08907,validation
S14653,validation
S13815,validation
S12534,validation
S03855,validation
S07502,validation
S13325,validation
S10075,validation
S12225,validation
S00585,validation
S09129,validation
S14308,validation
S11278,validation
S10285,validation
S18719,validation
S19082,validation
S14820,validation
S10912,validation
S05990,validation
S07808,validation
S02604,validation
S08180,validation
S04130,validation
S01394,validation
S03571,validation
S00902,validation
S07477,validation
S18976,validation
S13259,validation
S14456,validation
S15361,validation
S04559,validation
S06683,validation
S05898,validation
S01276,validation
S08929,validation
S01447,validation
S09565,validation
S10334,validation
S10008,validation
S17031,validation
S05177,validation
S11475,validation
S03201,validation
S05273,validation
S11677,validation
S00802,validation
S03891,validation
S16724,validation
S14806,validation
S13173,validation
S09029,validation
S15432,validation
S18122,validation
S12827,validation
S00411,validation
S12702,validation
S15635,validation
S14891,validation
S06735,validation
S12778,validation
S05390,validation
S13586,validation
S07087,validation
S04344,validation
S07860,validation
S10005,validation
S19953,validation
S03719,validation
S13632,validation
S12965,validation
S02551,validation
S06526,validation
S03456,validation
S08693,validation
S16529,validation
S05089,validation
S02241,validation
S03088,validation
S00666,validation
S04803,validation
S17198,validation
S00940,validation
S12098,validation
S08633,validation
S00542,validation
S08449,validation
S03925,validation
S08020,validation
S01226,validation
S16298,validation
S13638,validation
S07481,validation
S19834,validation
S06938,validation
S06064,validation
S14538,validation
S11857,validation
S16278,validation
S11676,validation
S13752,validation
S18501,validation
S10579,validation
S04268,validation
S05249,validation
S02224,validation
S11117,validation
S12643,validation
S16876,validation
S00969,validation
S11236,validation
S04502,validation
S05199,validation
S19640,validation
S12195,validation
S02402,validation
S11035,validation
S14480,validation
S02531,validation
S00460,validation
S04215,validation
S19321,validation
S19551,validation
S10845,validation
S11005,validation
S15985,validation
S08436,validation
S12632,validation
S13543,validation
S03897,validation
S04397,validation
S13122,validation
S11309,validation
S13667,validation
S06372,validation
S02889,validation
S05779,validation
S15403,validation
S02298,validation
S08793,validation
S04546,validation
S10294,validation
S08972,validation
S04520,validation
S13717,validation
S04763,validation
S06322,validation
S00979,validation
S05912,validation
S15094,validation
S03337,validation
S09227,validation
S06493,validation
S07140,validation
S11563,validation
S16063,validation
S18566,validation
S06367,validation
S03082,validation
S11084,validation
S17430,validation
S16910,validation
S19782,validation
S15715,validation
S08656,validation
S02988,validation
S13344,validation
S10046,validation
S16215,validation
S09095,validation
S09257,validation
S17152,validation
S15317,validation
S11648,validation
S10018,validation
S17366,validation
S06208,validation
S07771,validation
S14445,validation
S19001,validation
S02196,validation
S07986,validation
S11726,validation
S19176,validation
S17836,validation
S00148,validation
S08521,validation
S13320,validation
S14256,validation
S16043,validation
S01903,validation
S06209,validation
S07330,validation
S05516,validation
S14875,validation
S00162,validation
S04974,validation
S05442,validation
S17490,validation
S11455,validation
S05880,validation
S02634,validation
S04313,validation
S13270,validation
S13025,validation
S18493,validation
S03405,validation
S18085,validation
S17924,validation
S05268,validation
S07204,validation
S03576,validation
S03393,validation
S19664,validation
S02011,validation
S04562,validation
S01758,validation
S03121,validation
S02056,validation
S08212,validation
S13202,validation
S19814,validation
S03375,validation
S07383,validation
S05361,validation
S17679,validation
S00679,validation
S08507,validation
S12764,validation
S17160,validation
S06163,validation
S07519,validation
S00028,validation
S10373,validation
S01493,validation
S04865,validation
S19152,validation
S18665,validation
S10825,validation
S03019,validation
S14787,validation
S19342,validation
S01842,validation
S18227,validation
S09393,validation
S03615,validation
S09121,validation
S01377,validation
S09636,validation
S16623,validation
S06575,validation
S11396,validation
S12352,validation
S01862,validation
S02768,validation
S09242,validation
S05486,validation
S19256,validation
S09193,validation
S01151,validation
S13450,validation
S11088,validation
S05934,validation
S04505,validation
S18876,validation
S09702,validation
S09725,validation
S18392,validation
S18297,validation
S07964,validation
S17599,validation
S06756,validation
S08472,validation
S10514,validation
S03778,validation
S09105,validation
S10486,validation
S08282,validation
S14151,validation
S19795,validation
S14661,validation
S09936,validation
S14743,validation
S07418,validation
S12609,validation
S13693,validation
S16522,validation
S01243,validation
S17977,validation
S08851,validation
S19386,validation
S04787,validation
S03590,validation
S13165,validation
S14066,validation
S00156,validation
S18645,validation
S02993,validation
S10569,validation
S15934,validation
S05313,validation
S13837,validation
S19845,validation
S07686,validation
S10333,validation
S12105,validation
S19860,validation
S01580,validation
S12315,validation
S08658,validation
S06687,validation
S14351,validation
S14906,validation
S12773,validation
S08494,validation
S06044,validation
S11250,validation
S16575,validation
S15742,validation
S08172,validation
S16435,validation
S16370,validation
S10707,validation
S08439,validation
S03345,validation
S00994,validation
S07518,validation
S03596,validation
S18252,validation
S03158,validation
S11682,validation
S14594,validation
S02849,validation
S12816,validation
S04142,validation
S04370,validation
S09347,validation
S10478,validation
S03060,validation
S02320,validation
S01559,validation
S07728,validation
S02711,validation
S04210,validation
S07323,validation
S02514,validation
S18353,validation
S01589,validation
S17825,validation
S16668,validation
S14422,validation
S04838,validation
S06403,validation
S03506,validation
S07585,validation
S04830,validation
S19402,validation
S11019,validation
S09494,validation
S09827,validation
S13082,validation
S15507,validation
S11331,validation
S10990,validation
S00087,validation
S09785,validation
S19208,validation
S05451,validation
S07114,validation
S19583,validation
S10326,validation
S01413,validation
S17755,validation
S11700,validation
S09753,validation
S11984,validation
S09350,validation
S10595,validation
S08254,validation
S04823,validation
S08827,validation
S04887,validation
S17935,validation
S16999,validation
S09990,validation
S08935,validation
S03388,validation
S13587,validation
S03024,validation
S19661,validation
S18108,validation
S07286,validation
S17010,validation
S06133,validation
S11308,validation
S02364,validation
S01165,validation
S09761,validation
S10745,validation
S02921,validation
S17376,validation
S15452,validation
S03933,validation
S06461,validation
S06740,validation
S17560,validation
S15814,validation
S00150,validation
S09050,validation
S01027,validation
S14863,validation
S12905,validation
S14095,validation
S03269,validation
S15348,validation
S14958,validation
S08953,validation
S15396,validation
S01860,validation
S13462,validation
S06909,validation
S13964,validation
S19157,validation
S16990,validation
S03727,validation
S04017,validation
S02964,validation
S13216,validation
S10781,validation
S05181,validation
S09730,validation
S13952,validation
S02237,validation
S07424,validation
S15613,validation
S03008,validation
S11420,validation
S09368,validation
S04332,validation
S16706,validation
S01123,validation
S19318,validation
S14751,validation
S04682,validation
S00607,validation
S00115,validation
S06059,validation
S15751,validation
S03895,validation
S11231,validation
S15527,validation
S08991,validation
S12421,validation
S14617,validation
S09203,validation
S01683,validation
S12585,validation
S07499,validation
S01542,validation
S05984,validation
S15766,validation
S11849,validation
S12908,validation
S12473,validation
S04923,validation
S15244,validation
S16512,validation
S03704,validation
S14128,validation
S16399,validation
S11622,validation
S03849,validation
S19866,validation
S17821,validation
S00409,validation
S12489,validation
S11233,validation
S07711,validation
S05266,validation
S11667,validation
S04963,validation
S19271,validation
S06088,validation
S04436,validation
S19780,validation
S14845,validation
S15959,validation
S08258,validation
S12100,validation
S09140,validation
S15864,validation
S07188,validation
S10390,validation
S04886,validation
S01625,validation
S19995,validation
S04825,validation
S02851,validation
S07642,validation
S01738,validation
S15577,validation
S09060,validation
S09956,validation
S00718,validation
S07670,validation
S10329,validation
S10149,validation
S16826,validation
S05772,validation
S09921,validation
S16656,validation
S01837,validation
S04521,validation
S01063,validation
S10748,validation
S02462,validation
S17342,validation
S01724,validation
S04140,validation
S14688,validation
S15222,validation
S05986,validation
S13880,validation
S17202,validation
S09750,validation
S03070,validation
S05799,validation
S02956,validation
S03903,validation
S04916,validation
S10159,validation
S09891,validation
S16897,validation
S07030,validation
S08117,validation
S14469,validation
S00504,validation
S09321,validation
S15350,validation
S17835,validation
S13420,validation
S00951,validation
S16664,validation
S09950,validation
S14329,validation
S17839,validation
S07411,validation
S17504,validation
S16707,validation
S14586,validation
S13081,validation
S14884,validation
S17516,validation
S13314,validation
S13581,validation
S13220,validation
S11311,validation
S14693,validation
S03732,validation
S00069,validation
S05839,validation
S13527,validation
S16204,validation
S18647,validation
S03832,validation
S05846,validation
S19473,validation
S18811,validation
S05740,validation
S05282,validation
S01800,validation
S09118,validation
S00368,validation
S03556,validation
S09296,validation
S14627,validation
S06499,validation
S02586,validation
S18355,validation
S02371,validation
S07717,validation
S18230,validation
S12693,validation
S14610,validation
S03595,validation
S14966,validation
S15465,validation
S05086,validation
S17531,validation
S10828,validation
S07510,validation
S06431,validation
S08159,validation
S07412,validation
S02669,validation
S11155,validation
S15436,validation
S18735,validation
S09124,validation
S15194,validation
S17994,validation
S01131,validation
S11810,validation
S15824,validation
S06696,validation
S19530,validation
S18920,validation
S17765,validation
S04338,validation
S19680,validation
S19484,validation
S18896,validation
S04221,validation
S18369,validation
S15564,validation
S12767,validation
S09004,validation
S07567,validation
S19531,validation
S16203,validation
S08118,validation
S17448,validation
S13884,validation
S18915,validation
S11414,validation
S08546,validation
S14144,validation
S11744,validation
S16033,validation
S10887,validation
S06446,validation
S10673,validation
S15821,validation
S11735,validation
S16268,validation
S00450,validation
S07616,validation
S16256,validation
S02102,validation
S02437,validation
S08756,validation
S14386,validation
S19779,validation
S07793,validation
S03570,validation
S11544,validation
S04191,validation
S10184,validation
S15314,validation
S10638,validation
S17491,validation
S09564,validation
S18723,validation
S03539,validation
S07319,validation
S18448,validation
S06561,validation
S10323,validation
S18903,validation
S00226,validation
S13502,validation
S04862,validation
S01024,validation
S14457,validation
S01395,validation
S00678,validation
S07376,validation
S18536,validation
S09721,validation
S04522,validation
S10720,validation
S04242,validation
S18960,validation
S14770,validation
S05455,validation
S02644,validation
S07632,validation
S19248,validation
S15894,validation
S04068,validation
S19809,validation
S00587,validation
S01416,validation
S08902,validation
S11022,validation
S10688,validation
S03876,validation
S16786,validation
S19849,validation
S17218,validation
S01539,validation
S13833,validation
S19586,validation
S08771,validation
S10282,validation
S11811,validation
S00754,validation
S04931,validation
S10987,validation
S13353,validation
S17747,validation
S05802,validation
S01183,validation
S03040,validation
S09061,validation
S05711,validation
S11113,validation
S06918,validation
S06217,validation
S19429,validation
S03286,validation
S19469,validation
S12029,validation
S19928,validation
S03263,validation
S08511,validation
S00106,validation
S04732,validation
S12503,validation
S08423,validation
S09898,validation
S13920,validation
S07645,validation
S05182,validation
S18849,validation
S07367,validation
S06820,validation
S08389,validation
S16543,validation
S14370,validation
S07526,validation
S17166,validation
S01390,validation
S11149,validation
S16254,validation
S13290,validation
S06190,validation
S18123,validation
S00936,validation
S01259,validation
S04978,validation
S02009,validation
S01990,validation
S02794,validation
S12384,validation
S11138,validation
S06914,validation
S06093,validation
S12430,validation
S11765,validation
S02312,validation
S17562,validation
S00856,validation
S09309,validation
S14418,validation
S09978,validation
S03842,validation
S15605,validation
S14298,validation
S12246,validation
S05749,validation
S13239,validation
S19264,validation
S18633,validation
S18190,validation
S02735,validation
S04985,validation
S00733,validation
S17095,validation
S07673,validation
S18393,validation
S19804,validation
S00610,validation
S06708,validation
S19501,validation
S00852,validation
S15686,validation
S12095,validation
S01600,validation
S12979,validation
S17212,validation
S08184,validation
S08995,validation
S17167,validation
S03943,validation
S08644,validation
S18469,validation
S16053,validation
S10890,validation
S12565,validation
S06020,validation
S10287,validation
S19923,validation
S01507,validation
S10941,validation
S13417,validation
S00672,validation
S11174,validation
S11092,validation
S08301,validation
S13133,validation
S02912,validation
S14184,validation
S13391,validation
S19838,validation
S11960,validation
S04624,validation
S01028,validation
S09602,validation
S05397,validation
S19919,validation
S08621,validation
S08667,validation
S14612,validation
S17104,validation
S10948,validation
S07517,validation
S13117,validation
S17471,validation
S15479,validation
S13093,validation
S14655,validation
S17984,validation
S14980,validation
S02309,validation
S11706,validation
S05485,validation
S16765,validation
S05162,validation
S08257,validation
S00224,validation
S15491,validation
S03293,validation
S18682,validation
S04111,validation
S14287,validation
S19618,validation
S19116,validation
S01750,validation
S13392,validation
S05626,validation
S08820,validation
S16100,validation
S11888,validation
S18919,validation
S04704,validation
S13872,validation
S10870,validation
S08804,validation
S06703,validation
S05118,validation
S10111,validation
S10520,validation
S02766,validation
S07732,validation
S09251,validation
S15851,validation
S10145,validation
S19330,validation
S06211,validation
S13099,validation
S11694,validation
S07266,validation
S13329,validation
S06947,validation
S19085,validation
S13714,validation
S06194,validation
S08330,validation
S03475,validation
S03231,validation
S12346,validation
S04799,validation
S07072,validation
S01592,validation
S12975,validation
S00608,validation
S14222,validation
S07812,validation
S12442,validation
S00526,validation
S07907,validation
S17981,validation
S04850,validation
S07650,validation
S14077,validation
S03665,validation
S19293,validation
S00057,validation
S17549,validation
S18236,validation
S18648,validation
S12173,validation
S06227,validation
S02294,validation
S19149,validation
S01719,validation
S09126,validation
S06500,validation
S06111,validation
S07452,validation
S14534,validation
S02781,validation
S08233,validation
S09391,validation
S00650,validation
S12158,validation
S05393,validation
S10874,validation
S03401,validation
S01657,validation
S16845,validation
S13966,validation
S14020,validation
S08244,validation
S13496,validation
S11279,validation
S01999,validation
S15567,validation
S17043,validation
S13996,validation
S19397,validation
S19898,validation
S15869,validation
S05866,validation
S10330,validation
S09346,validation
S01703,validation
S19949,validation
S00075,validation
S00483,validation
S00556,validation
S19941,validation
S15883,validation
S09571,validation
S08526,validation
S01533,validation
S01836,validation
S16817,validation
S16769,validation
S01902,validation
S10360,validation
S13579,validation
S13333,validation
S18804,validation
S00221,validation
S16812,validation
S12841,validation
S13603,validation
S12386,validation
S16806,validation
S14782,validation
S02777,validation
S05461,validation
S16774,validation
S12383,validation
S16992,validation
S06188,validation
S03452,validation
S19456,validation
S12217,validation
S02868,validation
S01841,validation
S12129,validation
S06366,validation
S13009,validation
S13626,validation
S08058,validation
S04334,validation
S17837,validation
S18867,validation
S02628,validation
S09409,validation
S16567,validation
S11881,validation
S08126,validation
S17784,validation
S13335,validation
S07697,validation
S14704,validation
S05326,validation
S04958,validation
S04007,validation
S08395,validation
S17586,validation
S01092,validation
S15927,validation
S03604,validation
S14098,validation
S19942,validation
S00145,validation
S10201,validation
S09940,validation
S05122,validation
S16933,validation
S06589,validation
S07887,validation
S11478,validation
S13291,validation
S08358,validation
S14529,validation
S01072,validation
S17745,validation
S12704,validation
S06219,validation
S07842,validation
S11529,validation
S00625,validation
S16626,validation
S00760,validation
S15166,validation
S02085,validation
S00874,validation
S07488,validation
S00695,validation
S03578,validation
S11053,validation
S04709,validation
S02580,validation
S16187,validation
S04245,validation
S07946,validation
S06498,validation
S10876,validation
S06731,validation
S09559,validation
S15966,validation
S09625,validation
S13933,validation
S16966,validation
S10984,validation
S15489,validation
S12302,validation
S12218,validation
S18337,validation
S18768,validation
S10834,validation
S12004,validation
S15809,validation
S00033,validation
S02990,validation
S16184,validation
S16915,validation
S19430,validation
S00090,validation
S13265,validation
S00359,validation
S07844,validation
S19122,validation
S16723,validation
S09117,validation
S18408,validation
S19340,validation
S02782,validation
S05784,validation
S01073,validation
S12731,validation
S16277,validation
S12066,validation
S01783,validation
S01873,validation
S11585,validation
S00256,validation
S09174,validation
S17932,validation
S14660,validation
S15448,validation
S14192,validation
S11181,validation
S14654,validation
S19817,validation
S01706,validation
S19267,validation
S03065,validation
S03214,validation
S16805,validation
S16023,validation
S17811,validation
S06848,validation
S10868,validation
S12239,validation
S07120,validation
S18101,validation
S19553,validation
S17985,validation
S01371,validation
S13962,validation
S17100,validation
S13568,validation
S04697,validation
S17887,validation
S01310,validation
S13040,validation
S17022,validation
S05082,validation
S00056,validation
S13928,validation
S15075,validation
S16285,validation
S13472,validation
S02238,validation
S17001,validation
S10175,validation
S06200,validation
S02439,validation
S00281,validation
S01922,validation
S05948,validation
S02121,validation
S04789,validation
S15301,validation
S15828,validation
S04253,validation
S05790,validation
S05425,validation
S08947,validation
S13777,validation
S06026,validation
S08148,validation
S13886,validation
S11546,validation
S17389,validation
S04737,validation
S07894,validation
S04392,validation
S01684,validation
S17814,validation
S11572,validation
S11542,validation
S14583,validation
S12432,validation
S01257,validation
S13930,validation
S17655,validation
S18155,validation
S14251,validation
S11681,validation
S06709,validation
S11411,validation
S12012,validation
S19523,validation
S10216,validation
S00946,validation
S06237,validation
S08208,validation
S08237,validation
S00482,validation
S04807,validation
S01100,validation
S13414,validation
S11244,validation
S10763,validation
S02148,validation
S15012,validation
S05168,validation
S01930,validation
S00644,validation
S18004,validation
S14297,validation
S05729,validation
S12532,validation
S11474,validation
S14175,validation
S09914,validation
S17546,validation
S02390,validation
S14225,validation
S18172,validation
S02333,validation
S09574,validation
S07473,validation
S03340,validation
S07981,validation
S09492,validation
S03413,validation
S08251,validation
S04827,validation
S08737,validation
S05016,validation
S14416,validation
S05462,validation
S15840,validation
S17201,validation
S08580,validation
S02428,validation
S19997,validation
S15621,validation
S05637,validation
S17923,validation
S19395,validation
S06273,validation
S14309,validation
S00153,validation
S09239,validation
S08426,validation
S07208,validation
S17733,validation
S02897,validation
S19379,validation
S14091,validation
S12549,validation
S13382,validation
S12678,validation
S07621,validation
S14545,validation
S10806,validation
S03194,validation
S15135,validation
S05343,validation
S18636,validation
S07347,validation
S18944,validation
S19594,validation
S13707,validation
S00907,validation
S09269,validation
S15230,validation
S08289,validation
S15600,validation
S09973,validation
S15961,validation
S12088,validation
S09217,validation
S15770,validation
S19978,validation
S19355,validation
S17864,validation
S07638,validation
S14406,validation
S19021,validation
S12913,validation
S04636,validation
S14620,validation
S19945,validation
S01608,validation
S06353,validation
S14494,validation
S15488,validation
S07039,validation
S18191,validation
S00847,validation
S17808,validation
S15336,validation
S16049,validation
S12754,validation
S02814,validation
S05786,validation
S00948,validation
S04835,validation
S17203,validation
S04935,validation
S18787,validation
S00762,validation
S06648,validation
S05260,validation
S02528,validation
S00828,validation
S04211,validation
S04385,validation
S17221,validation
S08636,validation
S01728,validation
S04105,validation
S00253,validation
S14453,validation
S02208,validation
S02932,validation
S18327,validation
S12116,validation
S11014,validation
S16651,validation
S11934,validation
S18590,validation
S16216,validation
S15234,validation
S03706,validation
S10716,validation
S17519,validation
S02530,validation
S05049,validation
S05985,validation
S02466,validation
S12685,validation
S08915,validation
S12418,validation
S12861,validation
S05763,validation
S04913,validation
S13512,validation
S17482,validation
S06150,validation
S14731,validation
S03208,validation
S09101,validation
S03126,validation
S17518,validation
S19418,validation
S13631,validation
S10750,validation
S09822,validation
S13882,validation
S17789,validation
S16718,validation
S01908,validation
S05555,validation
S18985,validation
S00954,validation
S06620,validation
S10476,validation
S02663,validation
S17068,validation
S04976,validation
S00748,validation
S06997,validation
S14518,validation
S09083,validation
S03045,validation
S03378,validation
S18856,validation
S03911,validation
S00750,validation
S16072,validation
S07984,validation
S00962,validation
S17868,validation
S14041,validation
S07226,validation
S00777,validation
S16462,validation
S12220,validation
S05955,validation
S13931,validation
S17520,validation
S13176,validation
S19219,validation
S09823,validation
S09755,validation
S15040,validation
S04028,validation
S10052,validation
S12208,validation
S07005,validation
S18056,validation
S09021,validation
S09294,validation
S12857,validation
S00645,validation
S07786,validation
S02038,validation
S15076,validation
S10513,validation
S14564,validation
S15427,validation
S03675,validation
S00164,validation
S05651,validation
S01824,validation
S19493,validation
S04208,validation
S15711,validation
S07597,validation
S14413,validation
S17785,validation
S14687,validation
S05293,validation
S03720,validation
S10394,validation
S01988,validation
S12154,validation
S08916,validation
S07760,validation
S19370,validation
S02947,validation
S06293,validation
S01751,validation
S06646,validation
S10995,validation
S15752,validation
S04824,validation
S07503,validation
S12935,validation
S17387,validation
S19452,validation
S16251,validation
S09883,validation
S15969,validation
S15835,validation
S09142,validation
S04940,validation
S17064,validation
S17313,validation
S05298,validation
S15408,validation
S19881,validation
S09669,validation
S04403,validation
S04800,validation
S08832,validation
S16872,validation
S02256,validation
S00894,validation
S15578,validation
S01283,validation
S08695,validation
S14326,validation
S02021,validation
S05433,validation
S07392,validation
S01124,validation
S13549,validation
S18366,validation
S14831,validation
S17433,validation
S01322,validation
S15468,validation
S04585,validation
S06823,validation
S06189,validation
S19281,validation
S06508,validation
S10173,validation
S16306,validation
S10189,validation
S06479,validation
S03395,validation
S03369,validation
S15274,validation
S11809,validation
S05139,validation
S14093,validation
S16504,validation
S15214,validation
S04279,validation
S02700,validation
S02369,validation
S03699,validation
S03988,validation
S00210,validation
S18606,validation
S15513,validation
S15279,validation
S02254,validation
S17610,validation
S16284,validation
S09326,validation
S05510,validation
S12073,validation
S12036,validation
S07482,validation
S09261,validation
S17667,validation
S00018,validation
S14359,validation
S14395,validation
S07189,validation
S14455,validation
S14317,validation
S18881,validation
S06862,validation
S07869,validation
S09637,validation
S19018,validation
S03343,validation
S00878,validation
S02648,validation
S06094,validation
S12962,validation
S13049,validation
S06236,validation
S19589,validation
S17857,validation
S04267,validation
S04898,validation
S16884,validation
S01146,validation
S09375,validation
S17661,validation
S19138,validation
S18534,validation
S13185,validation
S05999,validation
S04724,validation
S04684,validation
S14249,validation
S12422,validation
S09215,validation
S02483,validation
S03178,validation
S02940,validation
S06856,validation
S13715,validation
S11066,validation
S16694,validation
S15684,validation
S05814,validation
S19740,validation
S00491,validation
S07931,validation
S17909,validation
S00586,validation
S14407,validation
S05737,validation
S07409,validation
S11884,validation
S18538,validation
S13351,validation
S12080,validation
S03893,validation
S19200,validation
S05100,validation
S11195,validation
S06714,validation
S06662,validation
S03992,validation
S15267,validation
S04282,validation
S18939,validation
S19483,validation
S17589,validation
S18059,validation
S01314,validation
S15093,validation
S13653,validation
S02613,validation
S08770,validation
S00647,validation
S13064,validation
S07077,validation
S17928,validation
S07491,validation
S12983,validation
S13763,validation
S00055,validation
S11186,validation
S05200,validation
S02927,validation
S06771,validation
S07063,validation
S01125,validation
S04416,validation
S07000,validation
S19872,validation
S15233,validation
S12705,validation
S07641,validation
S04173,validation
S09762,validation
S06432,validation
S02748,validation
S04996,validation
S17377,validation
S09254,validation
S05952,validation
S00277,validation
S18117,validation
S05454,validation
S19492,validation
S05607,validation
S14856,validation
S04434,validation
S06889,validation
S11443,validation
S00085,validation
S18095,validation
S09054,validation
S17242,validation
S14119,validation
S11043,validation
S04371,validation
S01639,validation
S12798,validation
S15086,validation
S12423,validation
S11470,validation
S19614,validation
S07427,validation
S01273,validation
S17478,validation
S05654,validation
S19520,validation
S09874,validation
S18222,validation
S09662,validation
S08694,validation
S14695,validation
S13215,validation
S15735,validation
S14470,validation
S11530,validation
S18490,validation
S02178,validation
S08196,validation
S06434,validation
S00689,validation
S01849,validation
S08717,validation
S08435,validation
S03013,validation
S15911,validation
S08744,validation
S06706,validation
S16011,validation
S14301,validation
S14991,validation
S15590,validation
S14149,validation
S05909,validation
S12955,validation
S19550,validation
S14161,validation
S08772,validation
S18279,validation
S19842,validation
S16701,validation
S12355,validation
S07447,validation
S07531,validation
S03361,validation
S07289,validation
S12296,validation
S08949,validation
S17892,validation
S11739,validation
S18550,validation
S03364,validation
S08295,validation
S00331,validation
S09582,validation
S09540,validation
S19118,validation
S14621,validation
S06166,validation
S08194,validation
S12645,validation
S16418,validation
S00693,validation
S03119,validation
S05721,validation
S04272,validation
S11759,validation
S14509,validation
S03089,validation
S01993,validation
S15524,validation
S14709,validation
S06847,validation
S18769,validation
S07300,validation
S15048,validation
S06803,validation
S05453,validation
S07490,validation
S12641,validation
S04619,validation
S14576,validation
S14771,validation
S19002,validation
S11954,validation
S07890,validation
S08854,validation
S00690,validation
S01005,validation
S13480,validation
S02903,validation
S02726,validation
S06884,validation
S19749,validation
S18357,validation
S11875,validation
S18325,validation
S13959,validation
S09595,validation
S03030,validation
S10343,validation
S08008,validation
S01144,validation
S00998,validation
S10423,validation
S12053,validation
S19944,validation
S11587,validation
S18040,validation
S01443,validation
S13646,validation
S05544,validation
S19800,validation
S19702,validation
S01822,validation
S06611,validation
S06490,validation
S01111,validation
S03589,validation
S16279,validation
S07357,validation
S03877,validation
S15968,validation
S18858,validation
S08034,validation
S12578,validation
S08818,validation
S14623,validation
S16481,validation
S06630,validation
S13700,validation
S06351,validation
S10182,validation
S06396,validation
S07465,validation
S08669,validation
S17099,validation
S15379,validation
S06272,validation
S04431,validation
S03326,validation
S04484,validation
S15677,validation
S10940,validation
S18119,validation
S14069,validation
S07936,validation
S17970,validation
S10472,validation
S14035,validation
S09849,validation
S03183,validation
S06011,validation
S15816,validation
S00270,validation
S11554,validation
S11029,validation
S14898,validation
S12501,validation
S05924,validation
S19303,validation
S08940,validation
S04795,validation
S07328,validation
S06585,validation
S00651,validation
S02802,validation
S03705,validation
S14300,validation
S09419,validation
S00826,validation
S00498,validation
S14411,validation
S19841,validation
S19698,validation
S13813,validation
S12359,validation
S19970,validation
S05732,validation
S14952,validation
S07388,validation
S11440,validation
S06277,validation
S04646,validation
S16263,validation
S15203,validation
S11448,validation
S09034,validation
S09832,validation
S13231,validation
S02116,validation
S17559,validation
S07450,validation
S08297,validation
S19155,validation
S19477,validation
S10511,validation
S19954,validation
S12178,validation
S19778,validation
S18887,validation
S14250,validation
S17017,validation
S07156,validation
S07101,validation
S14721,validation
S12903,validation
S05579,validation
S17086,validation
S16105,validation
S10215,validation
S11668,validation
S03771,validation
S09030,validation
S13836,validation
S04388,validation
S09084,validation
S16114,validation
S10648,validation
S18509,validation
S16616,validation
S00839,validation
S11513,validation
S16244,validation
S17150,validation
S04071,validation
S15337,validation
S19544,validation
S10847,validation
S06765,validation
S01421,validation
S14373,validation
S02815,validation
S09541,validation
S08042,validation
S11275,validation
S09777,validation
S08544,validation
S02384,validation
S10672,validation
S15029,validation
S18389,validation
S00566,validation
S06238,validation
S09376,validation
S00230,validation
S10228,validation
S09018,validation
S11285,validation
S02016,validation
S05038,validation
S08593,validation
S11304,validation
S19592,validation
S15962,validation
S19525,validation
S19099,validation
S02301,validation
S16496,validation
S19189,validation
S15661,validation
S16758,validation
S12480,validation
S11595,validation
S15089,validation
S03333,validation
S07390,validation
S18014,validation
S07655,validation
S08767,validation
S01527,validation
S01441,validation
S01653,validation
S15027,validation
S03695,validation
S18142,validation
S03713,validation
S15875,validation
S13143,validation
S13451,validation
S03429,validation
S18567,validation
S11289,validation
S05405,validation
S05157,validation
S19035,validation
S18733,validation
S00184,validation
S18441,validation
S05765,validation
S01061,validation
S07912,validation
S14824,validation
S12345,validation
S16424,validation
S07637,validation
S05682,validation
S00963,validation
S07099,validation
S15608,validation
S18054,validation
S03978,validation
S10374,validation
S17901,validation
S11228,validation
S05053,validation
S08590,validation
S08065,validation
S00386,validation
S11850,validation
S14009,validation
S02635,validation
S07163,validation
S11075,validation
S16518,validation
S02146,validation
S08206,validation
S08838,validation
S16022,validation
S05675,validation
S04982,validation
S09238,validation
S08025,validation
S16680,validation
S08183,validation
S00601,validation
S03494,validation
S12833,validation
S09486,validation
S18859,validation
S02675,validation
S00419,validation
S17435,validation
S01398,validation
S18644,validation
S15304,validation
S18554,validation
S11091,validation
S02336,validation
S18725,validation
S14974,validation
S13036,validation
S00925,validation
S02892,validation
S02606,validation
S02375,validation
S04229,validation
S01208,validation
S14368,validation
S08322,validation
S17185,validation
S01514,validation
S03865,validation
S02758,validation
S08921,validation
S18683,validation
S03107,validation
S18870,validation
S19794,validation
S13978,validation
S03204,validation
S19921,validation
S05656,validation
S15459,validation
S04063,validation
S08583,validation
S14017,validation
S16477,validation
S04305,validation
S13042,test
S18680,test
S06882,test
S07639,test
S10905,test
S05245,test
S18457,test
S19016,test
S04474,test
S05092,test
S03858,test
S18312,test
S07398,test
S09603,test
S17760,test
S18269,test
S11830,test
S12349,test
S00906,test
S18237,test
S17026,test
S15972,test
S13277,test
S11715,test
S16728,test
S16523,test
S13578,test
S17130,test
S16852,test
S14288,test
S02612,test
S08958,test
S08682,test
S10059,test
S10575,test
S06406,test
S02484,test
S19489,test
S05448,test
S14666,test
S07919,test
S17845,test
S01710,test
S11883,test
S13570,test
S08190,test
S07633,test
S17208,test
S00822,test
S16031,test
S06930,test
S19300,test
S15001,test
S04589,test
S08798,test
S12557,test
S09263,test
S17567,test
S04008,test
S13172,test
S04235,test
S01821,test
S11634,test
S13194,test
S07136,test
S02882,test
S14218,test
S18260,test
S12325,test
S10640,test
S05428,test
S19470,test
S04015,test
S00665,test
S13032,test
S19660,test
S02470,test
S11277,test
S18213,test
S01229,test
S02202,test
S01154,test
S01524,test
S19670,test
S07752,test
S11479,test
S16793,test
S15820,test
S15598,test
S07243,test
S14593,test
S08161,test
S07545,test
S01866,test
S16538,test
S10482,test
S10375,test
S14133,test
S11842,test
S04042,test
S05895,test
S07272,test
S07149,test
S19867,test
S14632,test
S08739,test
S12545,test
S10405,test
S15804,test
S03523,test
S07558,test
S04456,test
S00555,test
S06583,test
S12185,test
S11886,test
S06633,test
S13454,test
S07261,test
S13858,test
S02399,test
S15543,test
S04061,test
S06017,test
S10430,test
S02271,test
S06586,test
S17402,test
S01964,test
S04199,test
S14624,test
S12526,test
S18767,test
S03871,test
S16304,test
S03836,test
S05780,test
S03854,test
S05922,test
S06080,test
S19120,test
S04357,test
S10702,test
S04246,test
S05305,test
S06228,test
S17997,test
S12922,test
S03560,test
S15650,test
S12696,test
S19659,test
S13921,test
S09453,test
S08242,test
S13078,test
S09481,test
S16781,test
S08143,test
S06229,test
S06917,test
S18461,test
S12821,test
S02517,test
S00268,test
S06716,test
S18368,test
S08645,test
S16289,test
S03491,test
S07069,test
S14153,test
S05696,test
S12576,test
S18073,test
S03531,test
S00774,test
S16201,test
S07851,test
S11686,test
S11401,test
S17833,test
S18030,test
S11471,test
S16857,test
S16948,test
S01425,test
S18444,test
S09901,test
S04291,test
S19214,test
S12635,test
S03708,test
S00052,test
S15020,test
S18546,test
S18386,test
S04657,test
S17173,test
S05975,test
S17275,test
S05756,test
S05940,test
S15983,test
S07026,test
S15603,test
S18842,test
S05739,test
S13433,test
S05012,test
S12835,test
S16490,test
S13334,test
S12581,test
S17390,test
S07050,test
S02910,test
S04330,test
S00798,test
S08340,test
S19305,test
S07889,test
S07796,test
S07361,test
S01192,test
S01651,test
S19742,test
S12784,test
S18365,test
S06715,test
S04390,test
S09499,test
S13080,test
S00072,test
S10481,test
S04528,test
S08514,test
S05995,test
S19029,test
S03548,test
S06241,test
S16357,test
S19058,test
S06051,test
S12642,test
S13904,test
S08996,test
S18995,test
S06082,test
S12544,test
S13633,test
S07288,test
S05643,test
S00402,test
S01785,test
S12373,test
S13655,test
S01460,test
S10489,test
S04934,test
S13315,test
S05368,test
S08079,test
S12758,test
S05628,test
S05760,test
S04308,test
S03787,test
S14237,test
S17327,test
S15718,test
S10791,test
S06008,test
S02967,test
S00849,test
S15153,test
S17284,test
S02682,test
S00753,test
S14259,test
S17244,test
S19096,test
S07125,test
S19034,test
S05964,test
S01788,test
S00808,test
S12094,test
S06245,test
S03904,test
S04833,test
S00290,test
S19210,test
S16325,test
S07886,test
S09403,test
S08207,test
S17801,test
S01341,test
S01666,test
S15177,test
S04654,test
S18491,test
S11210,test
S19712,test
S02183,test
S08085,test
S17116,test
S16082,test
S09635,test
S01732,test
S14105,test
S06851,test
S03726,test
S07539,test
S11624,test
S04793,test
S09127,test
S11096,test
S19169,test
S12616,test
S14528,test
S12476,test
S07334,test
S18483,test
S18935,test
S06522,test
S09131,test
S17671,test
S00302,test
S19216,test
S19513,test
S03468,test
S19190,test
S07290,test
S00721,test
S03423,test
S15935,test
S16800,test
S06963,test
S13661,test
S07368,test
S04352,test
S04036,test
S00490,test
S00358,test
S15777,test
S03657,test
S08582,test
S06970,test
S08882,test
S07783,test
S19381,test
S08394,test
S07822,test
S04889,test
S17053,test
S13824,test
S15394,test
S01579,test
S01927,test
S09498,test
S00293,test
S10170,test
S01388,test
S01591,test
S01128,test
S15176,test
S19032,test
S08848,test
S06520,test
S13881,test
S13506,test
S02253,test
S01693,test
S12123,test
S08815,test
S12806,test
S17140,test
S06221,test
S19261,test
S11130,test
S07698,test
S11255,test
S03872,test
S14473,test
S17647,test
S16840,test
S06658,test
S02002,test
S09232,test
S13005,test
S00320,test
S02090,test
S17717,test
S03048,test
S09348,test
S00558,test
S13401,test
S05754,test
S07830,test
S16646,test
S08748,test
S06153,test
S07079,test
S05863,test
S09544,test
S00920,test
S07454,test
S09764,test
S07994,test
S18281,test
S16037,test
S01909,test
S18205,test
S03930,test
S00747,test
S09081,test
S02570,test
S02429,test
S10483,test
S12917,test
S04986,test
S18197,test
S04587,test
S11846,test
S08781,test
S17079,test
S01972,test
S07878,test
S16554,test
S07191,test
S08393,test
S12826,test
S08866,test
S13467,test
S00448,test
S15978,test
S02378,test
S12113,test
S14235,test
S09285,test
S18710,test
S05087,test
S02277,test
S10645,test
S06287,test
S03325,test
S06530,test
S15982,test
S15004,test
S14341,test
S06299,test
S06342,test
S10561,test
S19868,test
S02223,test
S08787,test
S03134,test
S06616,test
S11194,test
S03680,test
S11678,test
S14260,test
S05900,test
S02561,test
S03736,test
S17805,test
S01298,test
S12872,test
S18605,test
S04706,test
S09837,test
S18698,test
S01396,test
S09007,test
S05829,test
S12365,test
S14944,test
S18171,test
S13650,test
S05274,test
S00191,test
S08055,test
S13905,test
S17608,test
S02795,test
S16894,test
S02957,test
S18749,test
S18250,test
S17893,test
S06176,test
S10463,test
S13085,test
S14075,test
S09051,test
S11652,test
S07523,test
S12048,test
S03966,test
S03164,test
S01288,test
S19925,test
S15360,test
S08091,test
S01825,test
S15387,test
S02588,test
S05913,test
S16720,test
S17129,test
S18341,test
S07031,test
S18413,test
S02558,test
S02684,test
S09563,test
S09440,test
S13971,test
S12769,test
S19369,test
S16280,test
S07729,test
S05910,test
S16419,test
S01138,test
S18116,test
S09282,test
S01134,test
S04193,test
S06661,test
S12714,test
S05409,test
S04551,test
S05211,test
S08670,test
S17571,test
S11300,test
S10897,test
S08759,test
S14535,test
S10137,test
S18883,test
S07337,test
S10793,test
S05633,test
S02112,test
S07926,test
S14431,test
S14468,test
S17865,test
S02885,test
S07623,test
S18998,test
S11658,test
S14382,test
S10536,test
S02642,test
S09298,test
S06692,test
S04832,test
S15057,test
S08563,test
S11905,test
S00269,test
S04942,test
S13869,test
S08356,test
S11098,test
S12624,test
S05279,test
S15885,test
S15496,test
S09008,test
S02918,test
S12647,test
S15440,test
S10070,test
S09421,test
S07218,test
S17645,test
S11354,test
S12755,test
S00440,test
S19616,test
S06368,test
S06215,test
S05616,test
S12971,test
S16417,test
S15539,test
S06378,test
S06071,test
S10455,test
S09959,test
S16713,test
S16958,test
S04888,test
S02220,test
S07527,test
S17729,test
S05698,test
S00298,test
S05551,test
S15119,test
S13295,test
S00392,test
S16230,test
S05534,test
S10477,test
S01685,test
S01560,test
S13003,test
S06867,test
S12537,test
S05762,test
S06619,test
S11771,test
S14649,test
S11348,test
S10915,test
S08653,test
S01297,test
S00036,test
S17561,test
S12874,test
S10757,test
S06580,test
S16404,test
S11142,test
S13731,test
S02543,test
S09972,test
S00761,test
S10644,test
S01491,test
S12199,test
S09744,test
S13689,test
S14056,test
S03549,test
S10232,test
S18439,test
S03561,test
S06923,test
S07176,test
S10037,test
S19927,test
S16061,test
S07988,test
S17438,test
S06507,test
S08990,test
S13482,test
S04614,test
S00328,test
S02424,test
S07314,test
S09406,test
S01716,test
S04498,test
S15850,test
S03218,test
S16608,test
S03791,test
S12804,test
S06437,test
S08596,test
S16938,test
S18796,test
S15033,test
S09551,test
S18416,test
S04728,test
S18045,test
S09354,test
S09800,test
S09826,test
S12074,test
S18807,test
S17752,test
S02986,test
S12381,test
S07575,test
S14868,test
S12896,test
S13885,test
S02305,test
S04228,test
S05794,test
S16192,test
S17240,test
S18661,test
S03285,test
S02817,test
S00643,test
S02213,test
S16440,test
S12007,test
S15632,test
S06240,test
S19657,test
S11061,test
S12713,test
S02719,test
S12894,test
S17098,test
S08873,test
S09471,test
S18487,test
S11218,test
S09722,test
S14463,test
S05511,test
S15277,test
S11640,test
S00778,test
S19672,test
S03821,test
S10526,test
S17883,test
S04455,test
S03940,test
S04881,test
S16853,test
S12856,test
S13240,test
S06108,test
S19697,test
S10420,test
S18545,test
S11270,test
S18255,test
S04820,test
S15761,test
S04876,test
S09535,test
S06247,test
S03600,test
S13984,test
S14120,test
S18499,test
S03833,test
S15505,test
S13704,test
S05104,test
S02984,test
S07987,test
S03250,test
S11086,test
S02535,test
S06225,test
S19161,test
S07004,test
S08747,test
S05192,test
S17325,test
S15701,test
S16286,test
S12271,test
S10107,test
S13679,test
S18882,test
S09437,test
S00995,test
S11720,test
S05541,test
S02718,test
S12288,test
S19061,test
S15772,test
S18817,test
S01051,test
S09405,test
S01816,test
S06712,test
S09726,test
S16661,test
S13448,test
S10404,test
S08919,test
S02913,test
S01082,test
S11709,test
S11912,test
S10992,test
S13722,test
S09026,test
S10985,test
S16382,test
S12625,test
S03733,test
S13156,test
S03848,test
S08264,test
S13785,test
S03885,test
S01515,test
S08821,test
S16673,test
S11761,test
S06352,test
S07281,test
S12985,test
S09423,test
S08001,test
S10351,test
S02853,test
S19106,test
S05232,test
S02222,test
S11060,test
S01081,test
S00471,test
S15946,test
S17644,test
S09476,test
S12925,test
S10219,test
S17182,test
S01383,test
S02327,test
S16126,test
S06078,test
S15792,test
S14600,test
S07010,test
S14978,test
S04064,test
S13743,test
S05436,test
S18946,test
S10853,test
S02683,test
S14808,test
S19499,test
S07160,test
S19232,test
S10721,test
S14948,test
S09490,test
S10206,test
S03050,test
S15555,test
S16096,test
S00357,test
S00823,test
S03021,test
S12929,test
S16589,test
S10085,test
S09416,test
S19408,test
S08852,test
S14243,test
S08872,test
S12752,test
S07832,test
S09642,test
S12644,test
S15445,test
S04274,test
S04535,test
S13228,test
S03517,test
S17388,test
S11944,test
S04722,test
S07590,test
S18650,test
S17200,test
S17871,test
S19931,test
S03968,test
S06516,test
S09763,test
S12221,test
S16247,test
S09382,test
S02025,test
S05429,test
S11753,test
S15826,test
S18387,test
S13639,test
S01686,test
S09707,test
S15611,test
S05137,test
S16791,test
S16307,test
S10283,test
S01697,test
S04839,test
S19656,test
S01445,test
S04821,test
S12760,test
S19599,test
S02071,test
S14221,test
S18963,test
S04524,test
S08413,test
S07865,test
S09100,test
S18797,test
S00549,test
S02455,test
S18064,test
S09934,test
S18518,test
S05663,test
S13030,test
S14599,test
S00717,test
S00415,test
S17742,test
S06073,test
S14173,test
S19026,test
S04492,test
S19005,test
S01374,test
S07283,test
S07256,test
S00603,test
S15340,test
S04708,test
S00155,test
S02235,test
S01157,test
S07544,test
S15784,test
S12461,test
S00710,test
S14850,test
S13267,test
S07138,test
S15063,test
S13580,test
S12324,test
S09402,test
S04414,test
S19497,test
S10366,test
S14968,test
S16936,test
S18006,test
S08943,test
S09833,test
S18678,test
S10408,test
S06680,test
S12902,test
S11033,test
S07279,test
S04424,test
S02260,test
S09379,test
S13604,test
S04955,test
S18549,test
S00264,test
S16904,test
S15087,test
S04467,test
S17229,test
S02284,test
S05493,test
S14833,test
S12372,test
S15744,test
S16552,test
S10272,test
S07363,test
S05545,test
S04302,test
S16613,test
S00664,test
S08638,test
S11974,test
S00552,test
S03336,test
S07618,test
S12761,test
S11211,test
S13716,test
S04634,test
S12862,test
S15881,test
S15008,test
S15868,test
S00758,test
S01879,test
S04743,test
S12677,test
S13797,test
S11506,test
S06814,test
S13318,test
S00541,test
S00671,test
S14965,test
S15525,test
S08946,test
S15129,test
S06171,test
S12722,test
S01897,test
S03035,test
S10325,test
S01386,test
S12415,test
S03717,test
S13548,test
S09549,test
S00029,test
S08575,test
S00025,test
S02597,test
S08549,test
S13705,test
S17958,test
S01721,test
S17874,test
S05069,test
S13201,test
S11766,test
S18267,test
S15213,test
S07605,test
S13816,test
S19769,test
S07200,test
S09170,test
S04136,test
S12262,test
S00696,test
S05959,test
S17963,test
S01714,test
S05178,test
S09056,test
S16228,test
S15439,test
S11819,test
S02204,test
S16301,test
S14182,test
S13517,test
S16373,test
S00712,test
S17455,test
S17124,test
S01995,test
S02130,test
S00276,test
S19109,test
S12852,test
S15324,test
S14446,test
S12512,test
S12180,test
S06866,test
S09345,test
S17121,test
S09739,test
S01038,test
S10048,test
S11636,test
S19539,test
S02338,test
S03247,test
S04703,test
S18053,test
S11840,test
S05136,test
S00100,test
S00176,test
S09253,test
S08040,test
S07353,test
S06857,test
S12425,test
S06795,test
S00259,test
S06398,test
S04453,test
S11816,test
S03370,test
S06690,test
S03165,test
S06560,test
S05735,test
S11200,test
S10824,test
S18716,test
S17096,test
S04648,test
S11725,test
S17693,test
S19081,test
S03645,test
S16883,test
S06035,test
S14163,test
S10038,test
S15363,test
S12653,test
S06226,test
S16830,test
S00060,test
S04059,test
S09752,test
S12745,test
S09396,test
S16328,test
S13383,test
S04276,test
S11586,test
S17698,test
S13956,test
S19597,test
S08561,test
S12638,test
S02629,test
S19569,test
S15887,test
S05354,test
S16099,test
S09013,test
S07945,test
S06128,test
S19985,test
S19071,test
S19832,test
S19428,test
S19151,test
S11421,test
S09528,test
S12229,test
S03794,test
S15118,test
S06281,test
S03890,test
S12344,test
S18186,test
S15255,test
S08228,test
S04269,test
S11717,test
S14266,test
S17039,test
S02397,test
S17241,test
S09735,test
S00868,test
S01268,test
S19729,test
S10894,test
S08169,test
S00628,test
S07083,test
S09495,test
S16224,test
S07974,test
S07911,test
S02601,test
S08642,test
S06933,test
S03916,test
S18397,test
S08063,test
S14570,test
S02205,test
S17189,test
S12832,test
S15077,test
S19485,test
S14239,test
S13976,test
S14595,test
S04961,test
S17503,test
S06700,test
S06952,test
S05490,test
S01327,test
S12792,test
S09801,test
S16811,test
S19040,test
S18165,test
S05315,test
S08685,test
S10264,test
S08774,test
S00673,test
S03901,test
S14314,test
S06365,test
S02331,test
S15034,test
S02460,test
S00362,test
S15185,test
S18351,test
S05580,test
S12233,test
S08706,test
S09184,test
S05889,test
S04525,test
S03811,test
S15516,test
S11591,test
S03520,test
S15144,test
S10885,test
S12245,test
S15492,test
S07918,test
S11579,test
S18489,test
S13513,test
S19464,test
S09645,test
S17715,test
S03291,test
S02778,test
S02587,test
S11615,test
S08625,test
S17452,test
S13033,test
S07736,test
S05329,test
S04309,test
S18092,test
S11679,test
S17607,test
S13783,test
S11485,test
S02322,test
S16308,test
S05141,test
S17566,test
S15773,test
S18672,test
S03069,test
S11191,test
S02014,test
S03637,test
S06855,test
S11160,test
S11951,test
S10444,test
S16162,test
S15239,test
S05021,test
S19760,test
S05185,test
S13421,test
S02737,test
S01900,test
S05648,test
S09181,test
S00975,test
S13430,test
S15043,test
S11789,test
S19502,test
S01474,test
S15329,test
S04572,test
S18965,test
S18025,test
S05979,test
S10555,test
S19505,test
S18232,test
S13076,test
S05906,test
S19852,test
S19003,test
S10606,test
S07432,test
S13683,test
S06688,test
S09673,test
S05444,test
S15484,test
S13184,test
S19123,test
S03753,test
S08460,test
S12025,test
S07355,test
S04275,test
S12368,test
S06103,test
S18756,test
S04914,test
S16376,test
S14186,test
S01305,test
S13741,test
S08348,test
S15925,test
S07685,test
S19727,test
S09969,test
S01040,test
S09854,test
S11644,test
S04032,test
S18471,test
S07956,test
S19579,test
S04110,test
S17431,test
S11170,test
S03775,test
S05540,test
S11472,test
S13485,test
S12433,test
S04580,test
S05731,test
S07341,test
S10903,test
S11044,test
S04979,test
S16245,test
S01702,test
S19240,test
S17157,test
S13234,test
S17542,test
S15523,test
S11845,test
S12135,test
S00815,test
S05594,test
S12812,test
S17535,test
S04376,test
S12104,test
S12525,test
S06785,test
S17600,test
S12531,test
S12562,test
S11939,test
S10271,test
S13285,test
S08182,test
S01882,test
S03467,test
S04790,test
S04529,test
S06551,test
S10060,test
S11841,test
S11202,test
S11872,test
S08836,test
S05071,test
S07595,test
S13058,test
S17618,test
S11740,test
S06212,test
S09634,test
S18162,test
S08292,test
S08476,test
S17933,test
S18565,test
S01189,test
S15250,test
S16787,test
S05280,test
S17706,test
S08047,test
S02792,test
S00540,test
S14044,test
S17716,test
S07721,test
S06423,test
S16551,test
S08461,test
S05035,test
S01479,test
S09324,test
S06418,test
S02593,test
S18619,test
S03670,test
S15920,test
S03682,test
S07959,test
S07706,test
S00930,test
S03213,test
S15055,test
S16086,test
S13468,test
S05949,test
S08725,test
S11832,test
S15355,test
S16416,test
S19853,test
S19252,test
S15410,test
S12079,test
S08927,test
S08005,test
S13934,test
S06099,test
S00722,test
S14634,test
S09792,test
S16858,test
S07950,test
S07566,test
S08517,test
S19014,test
S15989,test
S02409,test
S07863,test
S00615,test
S00780,test
S16318,test
S16178,test
S11337,test
S13989,test
S10196,test
S12838,test
S10402,test
S13998,test
S08298,test
S15628,test
S13181,test
S17255,test
S02350,test
S12573,test
S04705,test
S19463,test
S13657,test
S16945,test
S05306,test
S06464,test
S19196,test
S13819,test
S06829,test
S16089,test
S00225,test
S04828,test
S17659,test
S19615,test
S17395,test
S14519,test
S01069,test
S17778,test
S02650,test
S00073,test
S00243,test
S08128,test
S05570,test
S17552,test
S19166,test
S04558,test
S19258,test
S00843,test
S01534,test
S00706,test
S06653,test
S19312,test
S03744,test
S03677,test
S09161,test
S13022,test
S03335,test
S14248,test
S15473,test
S18852,test
S08136,test
S19308,test
S09583,test
S14318,test
S11327,test
S03402,test
S01316,test
S17422,test
S12540,test
S10416,test
S16146,test
S10862,test
S19683,test
S01401,test
S19110,test
S17914,test
S16604,test
S02247,test
S17502,test
S03688,test
S16809,test
S09431,test
S18634,test
S18200,test
S08680,test
S02181,test
S16113,test
S05473,test
S05664,test
S05400,test
S10691,test
S06036,test
S02342,test
S18982,test
S01043,test
S14760,test
S18242,test
S11176,test
S10061,test
S14282,test
S13436,test
S07578,test
S13348,test
S13446,test
S10545,test
S16751,test
S11973,test
S01438,test
S02796,test
S07854,test
S17810,test
S13352,test
S14616,test
S00727,test
S04662,test
S10261,test
S12654,test
S10997,test
S08637,test
S15638,test
S09676,test
S14234,test
S17528,test
S03166,test
S11362,test
S06187,test
S15928,test
S18354,test
S02544,test
S03349,test
S18846,test
S08629,test
S04950,test
S01770,test
S16827,test
S12828,test
S14567,test
S01222,test
S13909,test
S01661,test
S09871,test
S00642,test
S06242,test
S18178,test
S01731,test
S19031,test
S03728,test
S11010,test
S14967,test
S07982,test
S10886,test
S17591,test
S10093,test
S14786,test
S14877,test
S11669,test
S12555,test
S09394,test
S07870,test
S02950,test
S14835,test
S14492,test
S15645,test
S18295,test
S15011,test
S04539,test
S09415,test
S16745,test
S18080,test
S12049,test
S05911,test
S07690,test
S03367,test
S01695,test
S06354,test
S19353,test
S02262,test
S01888,test
S12407,test
S05424,test
S17494,test
S00157,test
S07848,test
S09424,test
S01095,test
S04952,test
S15510,test
S03512,test
S05757,test
S15694,test
S13439,test
S07914,test
S14577,test
S14957,test
S02679,test
S12197,test
S00980,test
S08451,test
S10002,test
S08730,test
S16171,test
S15846,test
S17642,test
S16466,test
S05163,test
S17111,test
S14441,test
S17337,test
S01101,test
S10214,test
S02069,test
S04128,test
S09365,test
S01934,test
S10270,test
S01890,test
S04681,test
S02996,test
S00412,test
S11375,test
S16682,test
S12155,test
S14799,test
S01745,test
S08837,test
S05050,test
S09779,test
S13737,test
S00299,test
S09292,test
S10712,test
S08986,test
S04197,test
S00883,test
S00687,test
S03835,test
S07483,test
S08922,test
S04981,test
S17753,test
S18129,test
S10092,test
S07524,test
S10784,test
S17266,test
S13062,test
S14552,test
S02180,test
S12970,test
S00683,test
S11557,test
S12770,test
S05824,test
S10419,test
S13461,test
S03477,test
S08752,test
S05292,test
S17999,test
S06730,test
S12110,test
S12886,test
S16129,test
S04641,test
S12259,test
S11968,test
S17356,test
S06481,test
S10171,test
S03256,test
S01156,test
S06943,test
S08551,test
S17023,test
S01856,test
S18070,test
S01070,test
S10938,test
S11054,test
S07037,test
S00613,test
S09699,test
S14878,test
S16122,test
S09809,test
S00997,test
S05793,test
S12568,test
S08720,test
S10033,test
S02287,test
S11189,test
S19826,test
S17409,test
S01406,test
S17688,test
S11750,test
S11004,test
S00730,test
S12451,test
S13357,test
S01411,test
S16185,test
S02495,test
S04755,test
S01387,test
S03203,test
S03276,test
S19114,test
S08631,test
S00897,test
S03591,test
S08959,test
S02547,test
S18570,test
S00790,test
S03861,test
S07877,test
S16859,test
S08975,test
S09053,test
S09264,test
S12530,test
S07701,test
S00378,test
S00590,test
S11319,test
S19084,test
S05130,test
S05864,test
S01603,test
S10833,test
S00098,test
S07044,test
S11518,test
S10734,test
S12519,test
S14381,test
S15196,test
S16576,test
S08076,test
S18750,test
S17964,test
S07937,test
S01431,test
S00842,test
S11069,test
S11792,test
S15413,test
S14999,test
S11280,test
S08431,test
S01200,test
S04049,test
S01979,test
S19044,test
S01916,test
S11807,test
S03621,test
S20000,test
S11598,test
S12462,test
S12312,test
S18121,test
S16594,test
S11441,test
S02174,test
S04472,test
S02476,test
S05046,test
S14202,test
S07035,test
S18474,test
S08900,test
S05996,test
S17426,test
S02946,test
S08766,test
S13923,test
S00059,test
S05228,test
S01079,test
S11814,test
S03575,test
S18586,test
S12391,test
S15253,test
S15495,test
S14442,test
S18177,test
S09873,test
S05153,test
S13359,test
S17800,test
S08716,test
S16732,test
S17712,test
S01865,test
S16485,test
S04783,test
S17230,test
S14074,test
S05666,test
S01569,test
S11844,test
S06115,test
S03501,test
S11732,test
S08961,test
S04452,test
S18167,test
S19894,test
S02380,test
S13065,test
S15800,test
S04398,test
S12210,test
S04248,test
S14889,test
S07996,test
S02585,test
S04616,test
S01516,test
S08810,test
S17799,test
S03606,test
S05842,test
S07814,test
S06185,test
S03655,test
S12805,test
S12374,test
S01895,test
S04337,test
S02339,test
S11525,test
S03525,test
S02655,test
S19811,test
S08141,test
S03221,test
S16776,test
S16472,test
S07009,test
S12394,test
S09955,test
S12631,test
S19952,test
S04808,test
S16844,test
S15716,test
S17311,test
S10161,test
S18455,test
S10480,test
S08665,test
S10492,test
S17903,test
S06369,test
S08847,test
S19009,test
S04806,test
S17147,test
S15248,test
S14449,test
S05717,test
S10899,test
S16746,test
S08274,test
S01875,test
S03302,test
S04813,test
S09772,test
S09045,test
S02818,test
S12690,test
S04875,test
S17538,test
S11136,test
S02436,test
S06916,test
S14975,test
S13275,test
S16868,test
S15758,test
S10936,test
S07779,test
S13529,test
S08400,test
S08591,test
S04396,test
S08495,test
S14997,test
S05874,test
S02605,test
S10794,test
S06168,test
S17723,test
S12392,test
S00831,test
S02194,test
S12082,test
S11749,test
S12466,test
S18020,test
S13757,test
S08114,test
S08538,test
S10257,test
S16233,test
S19041,test
S00160,test
S01326,test
S01725,test
S12016,test
S07075,test
S06768,test
S05342,test
S09384,test
S03934,test
S14592,test
S06652,test
S10963,test
S12895,test
S05144,test
S16940,test
S19692,test
S03268,test
S13400,test
S12059,test
S15932,test
S15138,test
S10528,test
S08581,test
S06839,test
S03709,test
S14125,test
S12921,test
S17460,test
S06333,test
S12484,test
S14652,test
S08743,test
S10469,test
S13911,test
S19377,test
S06029,test
S02049,test
S15624,test
S04259,test
S13922,test
S19846,test
S17885,test
S18512,test
S03399,test
S19905,test
S05560,test
S05481,test
S10304,test
S02856,test
S19050,test
S09082,test
S14531,test
S15224,test
S03114,test
S09910,test
S08489,test
S04714,test
S03963,test
S17680,test
S00942,test
S02250,test
S03532,test
S14611,test
S03522,test
S00254,test
S14424,test
S00051,test
S02867,test
S04233,test
S14122,test
S12550,test
S05064,test
S14976,test
S02471,test
S00009,test
S18288,test
S00019,test
S09067,test
S00345,test
S13753,test
S02105,test
S08154,test
S03342,test
S00820,test
S15210,test
S12707,test
S19744,test
S19720,test
S18170,test
S05479,test
S01984,test
S01925,test
S18911,test
S19053,test
S08795,test
S13495,test
S10029,test
S06203,test
S09381,test
S09622,test
S19192,test
S05684,test
S18929,test
S05945,test
S03425,test
S03929,test
S00288,test
S10737,test
S02569,test
S11291,test
S18781,test
S07591,test
S14385,test
S12163,test
S19037,test
S05954,test
S04187,test
S14656,test
S08445,test
S03892,test
S15537,test
S19401,test
S05198,test
S12795,test
S07193,test
S07816,test
S03572,test
S07649,test
S11502,test
S18464,test
S17359,test
S13346,test
S10933,test
S10632,test
S16094,test
S15095,test
S05734,test
S13588,test
S08641,test
S18050,test
S01838,test
S17324,test
S09442,test
S16501,test
S18078,test
S17011,test
S09468,test
S09504,test
S14118,test
S14226,test
S04318,test
S08742,test
S03909,test
S14160,test
S14378,test
S04586,test
S11861,test
S13242,test
S05807,test
S10682,test
S17735,test
S15058,test
S10339,test
S03122,test
S01032,test
S19364,test
S03023,test
S12888,test
S09935,test
S10836,test
S18135,test
S07836,test
S14780,test
S12470,test
S13390,test
S12232,test
S14306,test
S19730,test
S16026,test
S07826,test
S04603,test
S09078,test
S02555,test
S14027,test
S18871,test
S03592,test
S10576,test
S08113,test
S07280,test
S14058,test
S12953,test
S06629,test
S18212,test
S06223,test
S14311,test
S15581,test
S16170,test
S11208,test
S08813,test
S02538,test
S14214,test
S11918,test
S12729,test
S08603,test
S07198,test
S19467,test
S14360,test
S17684,test
S18744,test
S10251,test
S19223,test
S18664,test
S06651,test
S04532,test
S13691,test
S06005,test
S04734,test
S18967,test
S17619,test
S18877,test
S05876,test
S03798,test
S02724,test
S03824,test
S15886,test
S14164,test
S14773,test
S13916,test
S17481,test
S16364,test
S02151,test
S15675,test
S06131,test
S04519,test
S06487,test
S09064,test
S07620,test
S12459,test
S11600,test
S07683,test
S12369,test
S00932,test
S02961,test
S14555,test
S17648,test
S10798,test
S08104,test
S02670,test
S00583,test
S13221,test
S17257,test
S05372,test
S18385,test
S05127,test
S17590,test
S15664,test
S07827,test
S04306,test
S08070,test
S16643,test
S08677,test
S01039,test
S07439,test
S04321,test
S12881,test
S19540,test
S02857,test
S04864,test
S03057,test
S19054,test
S01391,test
S03797,test
S14051,test
S18612,test
S08939,test
S19822,test
S08404,test
S11192,test
S10548,test
S01307,test
S02914,test
S14542,test
S04021,test
S09984,test
S04290,test
S10695,test
S02556,test
S15204,test
S14667,test
S01052,test
S10186,test
S02265,test
S05098,test
S13069,test
S09069,test
S11268,test
S15323,test
S07487,test
S18601,test
S16709,test
S00002,holdout_rahimabad
S00005,holdout_rahimabad
S00006,holdout_rahimabad
S00014,holdout_rahimabad
S00015,holdout_rahimabad
S00021,holdout_rahimabad
S00039,holdout_rahimabad
S00045,holdout_rahimabad
S00046,holdout_rahimabad
S00047,holdout_rahimabad
S00048,holdout_rahimabad
S00064,holdout_rahimabad
S00065,holdout_rahimabad
S00070,holdout_rahimabad
S00071,holdout_rahimabad
S00076,holdout_rahimabad
S00077,holdout_rahimabad
S00078,holdout_rahimabad
S00083,holdout_rahimabad
S00093,holdout_rahimabad
S00102,holdout_rahimabad
S00104,holdout_rahimabad
S00105,holdout_rahimabad
S00108,holdout_rahimabad
S00111,holdout_rahimabad
S00114,holdout_rahimabad
S00123,holdout_rahimabad
S00125,holdout_rahimabad
S00129,holdout_rahimabad
S00133,holdout_rahimabad
S00134,holdout_rahimabad
S00136,holdout_rahimabad
S00138,holdout_rahimabad
S00139,holdout_rahimabad
S00142,holdout_rahimabad
S00149,holdout_rahimabad
S00166,holdout_rahimabad
S00167,holdout_rahimabad
S00170,holdout_rahimabad
S00171,holdout_rahimabad
S00174,holdout_rahimabad
S00175,holdout_rahimabad
S00179,holdout_rahimabad
S00182,holdout_rahimabad
S00185,holdout_rahimabad
S00186,holdout_rahimabad
S00188,holdout_rahimabad
S00192,holdout_rahimabad
S00194,holdout_rahimabad
S00197,holdout_rahimabad
S00200,holdout_rahimabad
S00204,holdout_rahimabad
S00206,holdout_rahimabad
S00211,holdout_rahimabad
S00214,holdout_rahimabad
S00217,holdout_rahimabad
S00220,holdout_rahimabad
S00222,holdout_rahimabad
S00223,holdout_rahimabad
S00229,holdout_rahimabad
S00233,holdout_rahimabad
S00237,holdout_rahimabad
S00239,holdout_rahimabad
S00240,holdout_rahimabad
S00241,holdout_rahimabad
S00244,holdout_rahimabad
S00262,holdout_rahimabad
S00263,holdout_rahimabad
S00266,holdout_rahimabad
S00272,holdout_rahimabad
S00279,holdout_rahimabad
S00283,holdout_rahimabad
S00289,holdout_rahimabad
S00294,holdout_rahimabad
S00295,holdout_rahimabad
S00305,holdout_rahimabad
S00309,holdout_rahimabad
S00311,holdout_rahimabad
S00312,holdout_rahimabad
S00315,holdout_rahimabad
S00318,holdout_rahimabad
S00321,holdout_rahimabad
S00322,holdout_rahimabad
S00324,holdout_rahimabad
S00329,holdout_rahimabad
S00334,holdout_rahimabad
S00335,holdout_rahimabad
S00338,holdout_rahimabad
S00341,holdout_rahimabad
S00344,holdout_rahimabad
S00351,holdout_rahimabad
S00354,holdout_rahimabad
S00355,holdout_rahimabad
S00364,holdout_rahimabad
S00369,holdout_rahimabad
S00371,holdout_rahimabad
S00380,holdout_rahimabad
S00389,holdout_rahimabad
S00391,holdout_rahimabad
S00393,holdout_rahimabad
S00396,holdout_rahimabad
S00399,holdout_rahimabad
S00401,holdout_rahimabad
S00403,holdout_rahimabad
S00404,holdout_rahimabad
S00406,holdout_rahimabad
S00414,holdout_rahimabad
S00420,holdout_rahimabad
S00427,holdout_rahimabad
S00428,holdout_rahimabad
S00430,holdout_rahimabad
S00433,holdout_rahimabad
S00437,holdout_rahimabad
S00441,holdout_rahimabad
S00442,holdout_rahimabad
S00443,holdout_rahimabad
S00453,holdout_rahimabad
S00454,holdout_rahimabad
S00458,holdout_rahimabad
S00461,holdout_rahimabad
S00463,holdout_rahimabad
S00465,holdout_rahimabad
S00474,holdout_rahimabad
S00475,holdout_rahimabad
S00477,holdout_rahimabad
S00481,holdout_rahimabad
S00485,holdout_rahimabad
S00492,holdout_rahimabad
S00497,holdout_rahimabad
S00500,holdout_rahimabad
S00503,holdout_rahimabad
S00507,holdout_rahimabad
S00511,holdout_rahimabad
S00512,holdout_rahimabad
S00513,holdout_rahimabad
S00517,holdout_rahimabad
S00520,holdout_rahimabad
S00525,holdout_rahimabad
S00543,holdout_rahimabad
S00545,holdout_rahimabad
S00548,holdout_rahimabad
S00551,holdout_rahimabad
S00553,holdout_rahimabad
S00568,holdout_rahimabad
S00572,holdout_rahimabad
S00574,holdout_rahimabad
S00578,holdout_rahimabad
S00580,holdout_rahimabad
S00588,holdout_rahimabad
S00593,holdout_rahimabad
S00596,holdout_rahimabad
S00602,holdout_rahimabad
S00606,holdout_rahimabad
S00609,holdout_rahimabad
S00612,holdout_rahimabad
S00614,holdout_rahimabad
S00616,holdout_rahimabad
S00619,holdout_rahimabad
S00620,holdout_rahimabad
S00631,holdout_rahimabad
S00633,holdout_rahimabad
S00635,holdout_rahimabad
S00637,holdout_rahimabad
S00639,holdout_rahimabad
S00640,holdout_rahimabad
S00646,holdout_rahimabad
S00653,holdout_rahimabad
S00663,holdout_rahimabad
S00667,holdout_rahimabad
S00675,holdout_rahimabad
S00682,holdout_rahimabad
S00692,holdout_rahimabad
S00701,holdout_rahimabad
S00703,holdout_rahimabad
S00708,holdout_rahimabad
S00709,holdout_rahimabad
S00720,holdout_rahimabad
S00729,holdout_rahimabad
S00736,holdout_rahimabad
S00742,holdout_rahimabad
S00743,holdout_rahimabad
S00749,holdout_rahimabad
S00756,holdout_rahimabad
S00757,holdout_rahimabad
S00759,holdout_rahimabad
S00765,holdout_rahimabad
S00766,holdout_rahimabad
S00769,holdout_rahimabad
S00770,holdout_rahimabad
S00773,holdout_rahimabad
S00776,holdout_rahimabad
S00787,holdout_rahimabad
S00788,holdout_rahimabad
S00792,holdout_rahimabad
S00794,holdout_rahimabad
S00805,holdout_rahimabad
S00811,holdout_rahimabad
S00812,holdout_rahimabad
S00817,holdout_rahimabad
S00818,holdout_rahimabad
S00819,holdout_rahimabad
S00821,holdout_rahimabad
S00827,holdout_rahimabad
S00829,holdout_rahimabad
S00833,holdout_rahimabad
S00835,holdout_rahimabad
S00837,holdout_rahimabad
S00841,holdout_rahimabad
S00844,holdout_rahimabad
S00853,holdout_rahimabad
S00857,holdout_rahimabad
S00859,holdout_rahimabad
S00860,holdout_rahimabad
S00863,holdout_rahimabad
S00871,holdout_rahimabad
S00872,holdout_rahimabad
S00882,holdout_rahimabad
S00884,holdout_rahimabad
S00888,holdout_rahimabad
S00889,holdout_rahimabad
S00891,holdout_rahimabad
S00899,holdout_rahimabad
S00901,holdout_rahimabad
S00908,holdout_rahimabad
S00912,holdout_rahimabad
S00913,holdout_rahimabad
S00919,holdout_rahimabad
S00924,holdout_rahimabad
S00928,holdout_rahimabad
S00929,holdout_rahimabad
S00935,holdout_rahimabad
S00938,holdout_rahimabad
S00939,holdout_rahimabad
S00941,holdout_rahimabad
S00943,holdout_rahimabad
S00947,holdout_rahimabad
S00955,holdout_rahimabad
S00956,holdout_rahimabad
S00965,holdout_rahimabad
S00974,holdout_rahimabad
S00976,holdout_rahimabad
S00981,holdout_rahimabad
S00989,holdout_rahimabad
S00990,holdout_rahimabad
S01000,holdout_rahimabad
S01003,holdout_rahimabad
S01004,holdout_rahimabad
S01006,holdout_rahimabad
S01011,holdout_rahimabad
S01013,holdout_rahimabad
S01014,holdout_rahimabad
S01023,holdout_rahimabad
S01029,holdout_rahimabad
S01033,holdout_rahimabad
S01035,holdout_rahimabad
S01041,holdout_rahimabad
S01044,holdout_rahimabad
S01045,holdout_rahimabad
S01046,holdout_rahimabad
S01048,holdout_rahimabad
S01050,holdout_rahimabad
S01053,holdout_rahimabad
S01054,holdout_rahimabad
S01059,holdout_rahimabad
S01065,holdout_rahimabad
S01077,holdout_rahimabad
S01080,holdout_rahimabad
S01085,holdout_rahimabad
S01089,holdout_rahimabad
S01090,holdout_rahimabad
S01091,holdout_rahimabad
S01094,holdout_rahimabad
S01102,holdout_rahimabad
S01104,holdout_rahimabad
S01106,holdout_rahimabad
S01112,holdout_rahimabad
S01116,holdout_rahimabad
S01120,holdout_rahimabad
S01121,holdout_rahimabad
S01122,holdout_rahimabad
S01126,holdout_rahimabad
S01133,holdout_rahimabad
S01136,holdout_rahimabad
S01140,holdout_rahimabad
S01159,holdout_rahimabad
S01163,holdout_rahimabad
S01170,holdout_rahimabad
S01178,holdout_rahimabad
S01182,holdout_rahimabad
S01190,holdout_rahimabad
S01205,holdout_rahimabad
S01206,holdout_rahimabad
S01207,holdout_rahimabad
S01216,holdout_rahimabad
S01217,holdout_rahimabad
S01219,holdout_rahimabad
S01220,holdout_rahimabad
S01223,holdout_rahimabad
S01231,holdout_rahimabad
S01232,holdout_rahimabad
S01233,holdout_rahimabad
S01235,holdout_rahimabad
S01236,holdout_rahimabad
S01246,holdout_rahimabad
S01250,holdout_rahimabad
S01251,holdout_rahimabad
S01252,holdout_rahimabad
S01255,holdout_rahimabad
S01256,holdout_rahimabad
S01261,holdout_rahimabad
S01265,holdout_rahimabad
S01270,holdout_rahimabad
S01271,holdout_rahimabad
S01277,holdout_rahimabad
S01279,holdout_rahimabad
S01285,holdout_rahimabad
S01287,holdout_rahimabad
S01294,holdout_rahimabad
S01306,holdout_rahimabad
S01309,holdout_rahimabad
S01312,holdout_rahimabad
S01315,holdout_rahimabad
S01318,holdout_rahimabad
S01321,holdout_rahimabad
S01323,holdout_rahimabad
S01324,holdout_rahimabad
S01332,holdout_rahimabad
S01335,holdout_rahimabad
S01338,holdout_rahimabad
S01342,holdout_rahimabad
S01350,holdout_rahimabad
S01354,holdout_rahimabad
S01355,holdout_rahimabad
S01356,holdout_rahimabad
S01358,holdout_rahimabad
S01362,holdout_rahimabad
S01367,holdout_rahimabad
S01370,holdout_rahimabad
S01372,holdout_rahimabad
S01373,holdout_rahimabad
S01375,holdout_rahimabad
S01379,holdout_rahimabad
S01381,holdout_rahimabad
S01400,holdout_rahimabad
S01408,holdout_rahimabad
S01410,holdout_rahimabad
S01417,holdout_rahimabad
S01420,holdout_rahimabad
S01429,holdout_rahimabad
S01430,holdout_rahimabad
S01433,holdout_rahimabad
S01434,holdout_rahimabad
S01435,holdout_rahimabad
S01437,holdout_rahimabad
S01444,holdout_rahimabad
S01451,holdout_rahimabad
S01452,holdout_rahimabad
S01453,holdout_rahimabad
S01456,holdout_rahimabad
S01458,holdout_rahimabad
S01464,holdout_rahimabad
S01466,holdout_rahimabad
S01468,holdout_rahimabad
S01470,holdout_rahimabad
S01473,holdout_rahimabad
S01475,holdout_rahimabad
S01476,holdout_rahimabad
S01477,holdout_rahimabad
S01482,holdout_rahimabad
S01488,holdout_rahimabad
S01492,holdout_rahimabad
S01497,holdout_rahimabad
S01500,holdout_rahimabad
S01506,holdout_rahimabad
S01511,holdout_rahimabad
S01519,holdout_rahimabad
S01520,holdout_rahimabad
S01537,holdout_rahimabad
S01538,holdout_rahimabad
S01544,holdout_rahimabad
S01545,holdout_rahimabad
S01547,holdout_rahimabad
S01549,holdout_rahimabad
S01550,holdout_rahimabad
S01553,holdout_rahimabad
S01554,holdout_rahimabad
S01561,holdout_rahimabad
S01562,holdout_rahimabad
S01567,holdout_rahimabad
S01570,holdout_rahimabad
S01571,holdout_rahimabad
S01572,holdout_rahimabad
S01573,holdout_rahimabad
S01574,holdout_rahimabad
S01576,holdout_rahimabad
S01583,holdout_rahimabad
S01585,holdout_rahimabad
S01586,holdout_rahimabad
S01587,holdout_rahimabad
S01590,holdout_rahimabad
S01601,holdout_rahimabad
S01604,holdout_rahimabad
S01606,holdout_rahimabad
S01607,holdout_rahimabad
S01610,holdout_rahimabad
S01611,holdout_rahimabad
S01616,holdout_rahimabad
S01617,holdout_rahimabad
S01618,holdout_rahimabad
S01619,holdout_rahimabad
S01624,holdout_rahimabad
S01626,holdout_rahimabad
S01627,holdout_rahimabad
S01628,holdout_rahimabad
S01630,holdout_rahimabad
S01633,holdout_rahimabad
S01642,holdout_rahimabad
S01648,holdout_rahimabad
S01655,holdout_rahimabad
S01665,holdout_rahimabad
S01670,holdout_rahimabad
S01679,holdout_rahimabad
S01689,holdout_rahimabad
S01690,holdout_rahimabad
S01692,holdout_rahimabad
S01694,holdout_rahimabad
S01699,holdout_rahimabad
S01717,holdout_rahimabad
S01720,holdout_rahimabad
S01726,holdout_rahimabad
S01735,holdout_rahimabad
S01737,holdout_rahimabad
S01741,holdout_rahimabad
S01748,holdout_rahimabad
S01749,holdout_rahimabad
S01752,holdout_rahimabad
S01756,holdout_rahimabad
S01759,holdout_rahimabad
S01761,holdout_rahimabad
S01764,holdout_rahimabad
S01765,holdout_rahimabad
S01768,holdout_rahimabad
S01771,holdout_rahimabad
S01777,holdout_rahimabad
S01789,holdout_rahimabad
S01794,holdout_rahimabad
S01805,holdout_rahimabad
S01809,holdout_rahimabad
S01810,holdout_rahimabad
S01811,holdout_rahimabad
S01813,holdout_rahimabad
S01814,holdout_rahimabad
S01815,holdout_rahimabad
S01819,holdout_rahimabad
S01830,holdout_rahimabad
S01833,holdout_rahimabad
S01845,holdout_rahimabad
S01850,holdout_rahimabad
S01851,holdout_rahimabad
S01854,holdout_rahimabad
S01859,holdout_rahimabad
S01863,holdout_rahimabad
S01870,holdout_rahimabad
S01871,holdout_rahimabad
S01872,holdout_rahimabad
S01880,holdout_rahimabad
S01885,holdout_rahimabad
S01899,holdout_rahimabad
S01901,holdout_rahimabad
S01905,holdout_rahimabad
S01907,holdout_rahimabad
S01910,holdout_rahimabad
S01911,holdout_rahimabad
S01920,holdout_rahimabad
S01924,holdout_rahimabad
S01932,holdout_rahimabad
S01936,holdout_rahimabad
S01937,holdout_rahimabad
S01938,holdout_rahimabad
S01941,holdout_rahimabad
S01945,holdout_rahimabad
S01949,holdout_rahimabad
S01950,holdout_rahimabad
S01956,holdout_rahimabad
S01958,holdout_rahimabad
S01960,holdout_rahimabad
S01962,holdout_rahimabad
S01963,holdout_rahimabad
S01965,holdout_rahimabad
S01967,holdout_rahimabad
S01969,holdout_rahimabad
S01974,holdout_rahimabad
S01976,holdout_rahimabad
S01981,holdout_rahimabad
S01989,holdout_rahimabad
S01992,holdout_rahimabad
S01994,holdout_rahimabad
S01997,holdout_rahimabad
S01998,holdout_rahimabad
S02003,holdout_rahimabad
S02007,holdout_rahimabad
S02010,holdout_rahimabad
S02012,holdout_rahimabad
S02013,holdout_rahimabad
S02028,holdout_rahimabad
S02030,holdout_rahimabad
S02034,holdout_rahimabad
S02041,holdout_rahimabad
S02043,holdout_rahimabad
S02046,holdout_rahimabad
S02053,holdout_rahimabad
S02054,holdout_rahimabad
S02058,holdout_rahimabad
S02068,holdout_rahimabad
S02073,holdout_rahimabad
S02074,holdout_rahimabad
S02077,holdout_rahimabad
S02079,holdout_rahimabad
S02081,holdout_rahimabad
S02084,holdout_rahimabad
S02088,holdout_rahimabad
S02089,holdout_rahimabad
S02094,holdout_rahimabad
S02103,holdout_rahimabad
S02104,holdout_rahimabad
S02106,holdout_rahimabad
S02111,holdout_rahimabad
S02113,holdout_rahimabad
S02117,holdout_rahimabad
S02122,holdout_rahimabad
S02125,holdout_rahimabad
S02127,holdout_rahimabad
S02131,holdout_rahimabad
S02133,holdout_rahimabad
S02142,holdout_rahimabad
S02143,holdout_rahimabad
S02149,holdout_rahimabad
S02155,holdout_rahimabad
S02157,holdout_rahimabad
S02167,holdout_rahimabad
S02169,holdout_rahimabad
S02172,holdout_rahimabad
S02173,holdout_rahimabad
S02179,holdout_rahimabad
S02188,holdout_rahimabad
S02190,holdout_rahimabad
S02192,holdout_rahimabad
S02193,holdout_rahimabad
S02209,holdout_rahimabad
S02211,holdout_rahimabad
S02214,holdout_rahimabad
S02216,holdout_rahimabad
S02221,holdout_rahimabad
S02226,holdout_rahimabad
S02236,holdout_rahimabad
S02240,holdout_rahimabad
S02243,holdout_rahimabad
S02244,holdout_rahimabad
S02245,holdout_rahimabad
S02246,holdout_rahimabad
S02249,holdout_rahimabad
S02257,holdout_rahimabad
S02263,holdout_rahimabad
S02279,holdout_rahimabad
S02281,holdout_rahimabad
S02282,holdout_rahimabad
S02283,holdout_rahimabad
S02292,holdout_rahimabad
S02299,holdout_rahimabad
S02303,holdout_rahimabad
S02307,holdout_rahimabad
S02308,holdout_rahimabad
S02314,holdout_rahimabad
S02315,holdout_rahimabad
S02316,holdout_rahimabad
S02324,holdout_rahimabad
S02334,holdout_rahimabad
S02353,holdout_rahimabad
S02365,holdout_rahimabad
S02374,holdout_rahimabad
S02385,holdout_rahimabad
S02389,holdout_rahimabad
S02408,holdout_rahimabad
S02411,holdout_rahimabad
S02417,holdout_rahimabad
S02420,holdout_rahimabad
S02434,holdout_rahimabad
S02440,holdout_rahimabad
S02443,holdout_rahimabad
S02445,holdout_rahimabad
S02449,holdout_rahimabad
S02453,holdout_rahimabad
S02456,holdout_rahimabad
S02457,holdout_rahimabad
S02459,holdout_rahimabad
S02464,holdout_rahimabad
S02468,holdout_rahimabad
S02469,holdout_rahimabad
S02472,holdout_rahimabad
S02475,holdout_rahimabad
S02477,holdout_rahimabad
S02479,holdout_rahimabad
S02480,holdout_rahimabad
S02486,holdout_rahimabad
S02487,holdout_rahimabad
S02491,holdout_rahimabad
S02497,holdout_rahimabad
S02498,holdout_rahimabad
S02499,holdout_rahimabad
S02503,holdout_rahimabad
S02504,holdout_rahimabad
S02505,holdout_rahimabad
S02509,holdout_rahimabad
S02511,holdout_rahimabad
S02512,holdout_rahimabad
S02515,holdout_rahimabad
S02519,holdout_rahimabad
S02521,holdout_rahimabad
S02522,holdout_rahimabad
S02523,holdout_rahimabad
S02526,holdout_rahimabad
S02537,holdout_rahimabad
S02539,holdout_rahimabad
S02541,holdout_rahimabad
S02542,holdout_rahimabad
S02559,holdout_rahimabad
S02564,holdout_rahimabad
S02566,holdout_rahimabad
S02567,holdout_rahimabad
S02575,holdout_rahimabad
S02583,holdout_rahimabad
S02589,holdout_rahimabad
S02591,holdout_rahimabad
S02594,holdout_rahimabad
S02595,holdout_rahimabad
S02598,holdout_rahimabad
S02608,holdout_rahimabad
S02614,holdout_rahimabad
S02616,holdout_rahimabad
S02621,holdout_rahimabad
S02625,holdout_rahimabad
S02638,holdout_rahimabad
S02639,holdout_rahimabad
S02653,holdout_rahimabad
S02654,holdout_rahimabad
S02656,holdout_rahimabad
S02658,holdout_rahimabad
S02659,holdout_rahimabad
S02665,holdout_rahimabad
S02668,holdout_rahimabad
S02673,holdout_rahimabad
S02677,holdout_rahimabad
S02678,holdout_rahimabad
S02680,holdout_rahimabad
S02688,holdout_rahimabad
S02690,holdout_rahimabad
S02692,holdout_rahimabad
S02694,holdout_rahimabad
S02696,holdout_rahimabad
S02702,holdout_rahimabad
S02708,holdout_rahimabad
S02710,holdout_rahimabad
S02716,holdout_rahimabad
S02720,holdout_rahimabad
S02727,holdout_rahimabad
S02729,holdout_rahimabad
S02740,holdout_rahimabad
S02743,holdout_rahimabad
S02752,holdout_rahimabad
S02756,holdout_rahimabad
S02759,holdout_rahimabad
S02776,holdout_rahimabad
S02789,holdout_rahimabad
S02790,holdout_rahimabad
S02793,holdout_rahimabad
S02798,holdout_rahimabad
S02800,holdout_rahimabad
S02801,holdout_rahimabad
S02803,holdout_rahimabad
S02806,holdout_rahimabad
S02808,holdout_rahimabad
S02816,holdout_rahimabad
S02823,holdout_rahimabad
S02824,holdout_rahimabad
S02827,holdout_rahimabad
S02828,holdout_rahimabad
S02829,holdout_rahimabad
S02831,holdout_rahimabad
S02834,holdout_rahimabad
S02838,holdout_rahimabad
S02840,holdout_rahimabad
S02843,holdout_rahimabad
S02845,holdout_rahimabad
S02855,holdout_rahimabad
S02858,holdout_rahimabad
S02862,holdout_rahimabad
S02866,holdout_rahimabad
S02871,holdout_rahimabad
S02873,holdout_rahimabad
S02877,holdout_rahimabad
S02878,holdout_rahimabad
S02884,holdout_rahimabad
S02887,holdout_rahimabad
S02895,holdout_rahimabad
S02906,holdout_rahimabad
S02908,holdout_rahimabad
S02923,holdout_rahimabad
S02928,holdout_rahimabad
S02929,holdout_rahimabad
S02931,holdout_rahimabad
S02937,holdout_rahimabad
S02941,holdout_rahimabad
S02944,holdout_rahimabad
S02945,holdout_rahimabad
S02949,holdout_rahimabad
S02951,holdout_rahimabad
S02952,holdout_rahimabad
S02955,holdout_rahimabad
S02958,holdout_rahimabad
S02963,holdout_rahimabad
S02969,holdout_rahimabad
S02971,holdout_rahimabad
S02972,holdout_rahimabad
S02980,holdout_rahimabad
S02992,holdout_rahimabad
S02994,holdout_rahimabad
S02998,holdout_rahimabad
S02999,holdout_rahimabad
S03001,holdout_rahimabad
S03004,holdout_rahimabad
S03006,holdout_rahimabad
S03007,holdout_rahimabad
S03009,holdout_rahimabad
S03012,holdout_rahimabad
S03015,holdout_rahimabad
S03016,holdout_rahimabad
S03022,holdout_rahimabad
S03025,holdout_rahimabad
S03026,holdout_rahimabad
S03031,holdout_rahimabad
S03032,holdout_rahimabad
S03041,holdout_rahimabad
S03042,holdout_rahimabad
S03043,holdout_rahimabad
S03049,holdout_rahimabad
S03053,holdout_rahimabad
S03056,holdout_rahimabad
S03059,holdout_rahimabad
S03061,holdout_rahimabad
S03067,holdout_rahimabad
S03073,holdout_rahimabad
S03080,holdout_rahimabad
S03085,holdout_rahimabad
S03086,holdout_rahimabad
S03096,holdout_rahimabad
S03098,holdout_rahimabad
S03099,holdout_rahimabad
S03100,holdout_rahimabad
S03102,holdout_rahimabad
S03104,holdout_rahimabad
S03108,holdout_rahimabad
S03109,holdout_rahimabad
S03110,holdout_rahimabad
S03112,holdout_rahimabad
S03113,holdout_rahimabad
S03115,holdout_rahimabad
S03117,holdout_rahimabad
S03124,holdout_rahimabad
S03130,holdout_rahimabad
S03133,holdout_rahimabad
S03135,holdout_rahimabad
S03137,holdout_rahimabad
S03139,holdout_rahimabad
S03141,holdout_rahimabad
S03145,holdout_rahimabad
S03148,holdout_rahimabad
S03168,holdout_rahimabad
S03169,holdout_rahimabad
S03173,holdout_rahimabad
S03174,holdout_rahimabad
S03176,holdout_rahimabad
S03177,holdout_rahimabad
S03181,holdout_rahimabad
S03189,holdout_rahimabad
S03196,holdout_rahimabad
S03200,holdout_rahimabad
S03202,holdout_rahimabad
S03209,holdout_rahimabad
S03211,holdout_rahimabad
S03212,holdout_rahimabad
S03217,holdout_rahimabad
S03226,holdout_rahimabad
S03228,holdout_rahimabad
S03232,holdout_rahimabad
S03238,holdout_rahimabad
S03246,holdout_rahimabad
S03260,holdout_rahimabad
S03262,holdout_rahimabad
S03264,holdout_rahimabad
S03274,holdout_rahimabad
S03275,holdout_rahimabad
S03277,holdout_rahimabad
S03280,holdout_rahimabad
S03283,holdout_rahimabad
S03295,holdout_rahimabad
S03298,holdout_rahimabad
S03299,holdout_rahimabad
S03301,holdout_rahimabad
S03312,holdout_rahimabad
S03313,holdout_rahimabad
S03314,holdout_rahimabad
S03315,holdout_rahimabad
S03316,holdout_rahimabad
S03319,holdout_rahimabad
S03327,holdout_rahimabad
S03332,holdout_rahimabad
S03344,holdout_rahimabad
S03346,holdout_rahimabad
S03348,holdout_rahimabad
S03352,holdout_rahimabad
S03354,holdout_rahimabad
S03355,holdout_rahimabad
S03360,holdout_rahimabad
S03362,holdout_rahimabad
S03368,holdout_rahimabad
S03372,holdout_rahimabad
S03377,holdout_rahimabad
S03381,holdout_rahimabad
S03384,holdout_rahimabad
S03392,holdout_rahimabad
S03403,holdout_rahimabad
S03407,holdout_rahimabad
S03410,holdout_rahimabad
S03414,holdout_rahimabad
S03415,holdout_rahimabad
S03417,holdout_rahimabad
S03418,holdout_rahimabad
S03424,holdout_rahimabad
S03428,holdout_rahimabad
S03431,holdout_rahimabad
S03434,holdout_rahimabad
S03436,holdout_rahimabad
S03438,holdout_rahimabad
S03444,holdout_rahimabad
S03446,holdout_rahimabad
S03449,holdout_rahimabad
S03453,holdout_rahimabad
S03458,holdout_rahimabad
S03459,holdout_rahimabad
S03460,holdout_rahimabad
S03461,holdout_rahimabad
S03465,holdout_rahimabad
S03466,holdout_rahimabad
S03469,holdout_rahimabad
S03471,holdout_rahimabad
S03486,holdout_rahimabad
S03489,holdout_rahimabad
S03497,holdout_rahimabad
S03500,holdout_rahimabad
S03503,holdout_rahimabad
S03507,holdout_rahimabad
S03508,holdout_rahimabad
S03514,holdout_rahimabad
S03516,holdout_rahimabad
S03519,holdout_rahimabad
S03521,holdout_rahimabad
S03527,holdout_rahimabad
S03528,holdout_rahimabad
S03529,holdout_rahimabad
S03535,holdout_rahimabad
S03536,holdout_rahimabad
S03537,holdout_rahimabad
S03542,holdout_rahimabad
S03543,holdout_rahimabad
S03544,holdout_rahimabad
S03545,holdout_rahimabad
S03546,holdout_rahimabad
S03551,holdout_rahimabad
S03553,holdout_rahimabad
S03554,holdout_rahimabad
S03559,holdout_rahimabad
S03563,holdout_rahimabad
S03568,holdout_rahimabad
S03573,holdout_rahimabad
S03577,holdout_rahimabad
S03579,holdout_rahimabad
S03582,holdout_rahimabad
S03586,holdout_rahimabad
S03587,holdout_rahimabad
S03594,holdout_rahimabad
S03597,holdout_rahimabad
S03603,holdout_rahimabad
S03607,holdout_rahimabad
S03613,holdout_rahimabad
S03617,holdout_rahimabad
S03618,holdout_rahimabad
S03622,holdout_rahimabad
S03624,holdout_rahimabad
S03625,holdout_rahimabad
S03629,holdout_rahimabad
S03631,holdout_rahimabad
S03633,holdout_rahimabad
S03635,holdout_rahimabad
S03636,holdout_rahimabad
S03641,holdout_rahimabad
S03642,holdout_rahimabad
S03648,holdout_rahimabad
S03651,holdout_rahimabad
S03652,holdout_rahimabad
S03659,holdout_rahimabad
S03660,holdout_rahimabad
S03661,holdout_rahimabad
S03667,holdout_rahimabad
S03672,holdout_rahimabad
S03673,holdout_rahimabad
S03683,holdout_rahimabad
S03691,holdout_rahimabad
S03692,holdout_rahimabad
S03694,holdout_rahimabad
S03702,holdout_rahimabad
S03707,holdout_rahimabad
S03710,holdout_rahimabad
S03715,holdout_rahimabad
S03716,holdout_rahimabad
S03718,holdout_rahimabad
S03730,holdout_rahimabad
S03734,holdout_rahimabad
S03742,holdout_rahimabad
S03746,holdout_rahimabad
S03749,holdout_rahimabad
S03751,holdout_rahimabad
S03754,holdout_rahimabad
S03759,holdout_rahimabad
S03760,holdout_rahimabad
S03763,holdout_rahimabad
S03766,holdout_rahimabad
S03768,holdout_rahimabad
S03779,holdout_rahimabad
S03789,holdout_rahimabad
S03790,holdout_rahimabad
S03800,holdout_rahimabad
S03804,holdout_rahimabad
S03805,holdout_rahimabad
S03807,holdout_rahimabad
S03814,holdout_rahimabad
S03815,holdout_rahimabad
S03816,holdout_rahimabad
S03820,holdout_rahimabad
S03822,holdout_rahimabad
S03823,holdout_rahimabad
S03826,holdout_rahimabad
S03828,holdout_rahimabad
S03831,holdout_rahimabad
S03843,holdout_rahimabad
S03851,holdout_rahimabad
S03856,holdout_rahimabad
S03864,holdout_rahimabad
S03869,holdout_rahimabad
S03874,holdout_rahimabad
S03875,holdout_rahimabad
S03883,holdout_rahimabad
S03884,holdout_rahimabad
S03888,holdout_rahimabad
S03900,holdout_rahimabad
S03902,holdout_rahimabad
S03907,holdout_rahimabad
S03912,holdout_rahimabad
S03923,holdout_rahimabad
S03924,holdout_rahimabad
S03926,holdout_rahimabad
S03932,holdout_rahimabad
S03935,holdout_rahimabad
S03936,holdout_rahimabad
S03937,holdout_rahimabad
S03944,holdout_rahimabad
S03945,holdout_rahimabad
S03948,holdout_rahimabad
S03949,holdout_rahimabad
S03950,holdout_rahimabad
S03951,holdout_rahimabad
S03954,holdout_rahimabad
S03955,holdout_rahimabad
S03956,holdout_rahimabad
S03957,holdout_rahimabad
S03959,holdout_rahimabad
S03960,holdout_rahimabad
S03961,holdout_rahimabad
S03965,holdout_rahimabad
S03967,holdout_rahimabad
S03969,holdout_rahimabad
S03970,holdout_rahimabad
S03973,holdout_rahimabad
S03984,holdout_rahimabad
S03986,holdout_rahimabad
S03995,holdout_rahimabad
S03997,holdout_rahimabad
S04000,holdout_rahimabad
S04001,holdout_rahimabad
S04003,holdout_rahimabad
S04010,holdout_rahimabad
S04016,holdout_rahimabad
S04020,holdout_rahimabad
S04024,holdout_rahimabad
S04034,holdout_rahimabad
S04038,holdout_rahimabad
S04041,holdout_rahimabad
S04047,holdout_rahimabad
S04048,holdout_rahimabad
S04055,holdout_rahimabad
S04057,holdout_rahimabad
S04062,holdout_rahimabad
S04066,holdout_rahimabad
S04069,holdout_rahimabad
S04070,holdout_rahimabad
S04074,holdout_rahimabad
S04075,holdout_rahimabad
S04077,holdout_rahimabad
S04081,holdout_rahimabad
S04082,holdout_rahimabad
S04085,holdout_rahimabad
S04089,holdout_rahimabad
S04091,holdout_rahimabad
S04092,holdout_rahimabad
S04094,holdout_rahimabad
S04096,holdout_rahimabad
S04100,holdout_rahimabad
S04101,holdout_rahimabad
S04102,holdout_rahimabad
S04104,holdout_rahimabad
S04107,holdout_rahimabad
S04108,holdout_rahimabad
S04114,holdout_rahimabad
S04116,holdout_rahimabad
S04117,holdout_rahimabad
S04118,holdout_rahimabad
S04121,holdout_rahimabad
S04125,holdout_rahimabad
S04126,holdout_rahimabad
S04129,holdout_rahimabad
S04131,holdout_rahimabad
S04135,holdout_rahimabad
S04137,holdout_rahimabad
S04146,holdout_rahimabad
S04151,holdout_rahimabad
S04152,holdout_rahimabad
S04156,holdout_rahimabad
S04157,holdout_rahimabad
S04160,holdout_rahimabad
S04163,holdout_rahimabad
S04166,holdout_rahimabad
S04174,holdout_rahimabad
S04175,holdout_rahimabad
S04190,holdout_rahimabad
S04194,holdout_rahimabad
S04195,holdout_rahimabad
S04196,holdout_rahimabad
S04200,holdout_rahimabad
S04202,holdout_rahimabad
S04204,holdout_rahimabad
S04206,holdout_rahimabad
S04207,holdout_rahimabad
S04216,holdout_rahimabad
S04217,holdout_rahimabad
S04220,holdout_rahimabad
S04224,holdout_rahimabad
S04227,holdout_rahimabad
S04234,holdout_rahimabad
S04237,holdout_rahimabad
S04238,holdout_rahimabad
S04239,holdout_rahimabad
S04240,holdout_rahimabad
S04243,holdout_rahimabad
S04244,holdout_rahimabad
S04256,holdout_rahimabad
S04262,holdout_rahimabad
S04263,holdout_rahimabad
S04266,holdout_rahimabad
S04270,holdout_rahimabad
S04284,holdout_rahimabad
S04287,holdout_rahimabad
S04289,holdout_rahimabad
S04292,holdout_rahimabad
S04294,holdout_rahimabad
S04299,holdout_rahimabad
S04300,holdout_rahimabad
S04311,holdout_rahimabad
S04315,holdout_rahimabad
S04317,holdout_rahimabad
S04320,holdout_rahimabad
S04322,holdout_rahimabad
S04323,holdout_rahimabad
S04328,holdout_rahimabad
S04340,holdout_rahimabad
S04343,holdout_rahimabad
S04345,holdout_rahimabad
S04346,holdout_rahimabad
S04348,holdout_rahimabad
S04358,holdout_rahimabad
S04366,holdout_rahimabad
S04367,holdout_rahimabad
S04372,holdout_rahimabad
S04373,holdout_rahimabad
S04383,holdout_rahimabad
S04389,holdout_rahimabad
S04391,holdout_rahimabad
S04413,holdout_rahimabad
S04418,holdout_rahimabad
S04420,holdout_rahimabad
S04425,holdout_rahimabad
S04426,holdout_rahimabad
S04428,holdout_rahimabad
S04430,holdout_rahimabad
S04433,holdout_rahimabad
S04441,holdout_rahimabad
S04444,holdout_rahimabad
S04446,holdout_rahimabad
S04448,holdout_rahimabad
S04457,holdout_rahimabad
S04458,holdout_rahimabad
S04461,holdout_rahimabad
S04462,holdout_rahimabad
S04463,holdout_rahimabad
S04469,holdout_rahimabad
S04471,holdout_rahimabad
S04473,holdout_rahimabad
S04480,holdout_rahimabad
S04481,holdout_rahimabad
S04482,holdout_rahimabad
S04483,holdout_rahimabad
S04485,holdout_rahimabad
S04488,holdout_rahimabad
S04489,holdout_rahimabad
S04490,holdout_rahimabad
S04495,holdout_rahimabad
S04497,holdout_rahimabad
S04506,holdout_rahimabad
S04509,holdout_rahimabad
S04510,holdout_rahimabad
S04511,holdout_rahimabad
S04513,holdout_rahimabad
S04515,holdout_rahimabad
S04530,holdout_rahimabad
S04531,holdout_rahimabad
S04533,holdout_rahimabad
S04542,holdout_rahimabad
S04547,holdout_rahimabad
S04561,holdout_rahimabad
S04565,holdout_rahimabad
S04568,holdout_rahimabad
S04575,holdout_rahimabad
S04576,holdout_rahimabad
S04579,holdout_rahimabad
S04583,holdout_rahimabad
S04591,holdout_rahimabad
S04599,holdout_rahimabad
S04604,holdout_rahimabad
S04606,holdout_rahimabad
S04607,holdout_rahimabad
S04610,holdout_rahimabad
S04625,holdout_rahimabad
S04639,holdout_rahimabad
S04642,holdout_rahimabad
S04651,holdout_rahimabad
S04659,holdout_rahimabad
S04660,holdout_rahimabad
S04661,holdout_rahimabad
S04664,holdout_rahimabad
S04669,holdout_rahimabad
S04671,holdout_rahimabad
S04675,holdout_rahimabad
S04676,holdout_rahimabad
S04677,holdout_rahimabad
S04680,holdout_rahimabad
S04683,holdout_rahimabad
S04688,holdout_rahimabad
S04700,holdout_rahimabad
S04710,holdout_rahimabad
S04711,holdout_rahimabad
S04713,holdout_rahimabad
S04716,holdout_rahimabad
S04717,holdout_rahimabad
S04719,holdout_rahimabad
S04726,holdout_rahimabad
S04736,holdout_rahimabad
S04739,holdout_rahimabad
S04740,holdout_rahimabad
S04747,holdout_rahimabad
S04748,holdout_rahimabad
S04749,holdout_rahimabad
S04753,holdout_rahimabad
S04756,holdout_rahimabad
S04758,holdout_rahimabad
S04765,holdout_rahimabad
S04766,holdout_rahimabad
S04767,holdout_rahimabad
S04768,holdout_rahimabad
S04769,holdout_rahimabad
S04772,holdout_rahimabad
S04774,holdout_rahimabad
S04779,holdout_rahimabad
S04782,holdout_rahimabad
S04784,holdout_rahimabad
S04785,holdout_rahimabad
S04786,holdout_rahimabad
S04794,holdout_rahimabad
S04809,holdout_rahimabad
S04812,holdout_rahimabad
S04816,holdout_rahimabad
S04817,holdout_rahimabad
S04836,holdout_rahimabad
S04840,holdout_rahimabad
S04841,holdout_rahimabad
S04844,holdout_rahimabad
S04847,holdout_rahimabad
S04853,holdout_rahimabad
S04858,holdout_rahimabad
S04866,holdout_rahimabad
S04869,holdout_rahimabad
S04872,holdout_rahimabad
S04892,holdout_rahimabad
S04896,holdout_rahimabad
S04901,holdout_rahimabad
S04907,holdout_rahimabad
S04908,holdout_rahimabad
S04910,holdout_rahimabad
S04918,holdout_rahimabad
S04919,holdout_rahimabad
S04920,holdout_rahimabad
S04926,holdout_rahimabad
S04928,holdout_rahimabad
S04930,holdout_rahimabad
S04933,holdout_rahimabad
S04936,holdout_rahimabad
S04939,holdout_rahimabad
S04946,holdout_rahimabad
S04948,holdout_rahimabad
S04953,holdout_rahimabad
S04956,holdout_rahimabad
S04959,holdout_rahimabad
S04962,holdout_rahimabad
S04968,holdout_rahimabad
S04972,holdout_rahimabad
S04990,holdout_rahimabad
S04992,holdout_rahimabad
S04995,holdout_rahimabad
S04997,holdout_rahimabad
S05002,holdout_rahimabad
S05007,holdout_rahimabad
S05011,holdout_rahimabad
S05023,holdout_rahimabad
S05024,holdout_rahimabad
S05025,holdout_rahimabad
S05030,holdout_rahimabad
S05037,holdout_rahimabad
S05039,holdout_rahimabad
S05040,holdout_rahimabad
S05045,holdout_rahimabad
S05056,holdout_rahimabad
S05060,holdout_rahimabad
S05061,holdout_rahimabad
S05066,holdout_rahimabad
S05074,holdout_rahimabad
S05075,holdout_rahimabad
S05079,holdout_rahimabad
S05080,holdout_rahimabad
S05083,holdout_rahimabad
S05091,holdout_rahimabad
S05093,holdout_rahimabad
S05094,holdout_rahimabad
S05099,holdout_rahimabad
S05102,holdout_rahimabad
S05106,holdout_rahimabad
S05111,holdout_rahimabad
S05126,holdout_rahimabad
S05133,holdout_rahimabad
S05145,holdout_rahimabad
S05146,holdout_rahimabad
S05151,holdout_rahimabad
S05156,holdout_rahimabad
S05165,holdout_rahimabad
S05166,holdout_rahimabad
S05169,holdout_rahimabad
S05170,holdout_rahimabad
S05171,holdout_rahimabad
S05172,holdout_rahimabad
S05173,holdout_rahimabad
S05175,holdout_rahimabad
S05186,holdout_rahimabad
S05188,holdout_rahimabad
S05189,holdout_rahimabad
S05191,holdout_rahimabad
S05193,holdout_rahimabad
S05194,holdout_rahimabad
S05197,holdout_rahimabad
S05201,holdout_rahimabad
S05203,holdout_rahimabad
S05205,holdout_rahimabad
S05214,holdout_rahimabad
S05217,holdout_rahimabad
S05218,holdout_rahimabad
S05220,holdout_rahimabad
S05230,holdout_rahimabad
S05235,holdout_rahimabad
S05236,holdout_rahimabad
S05237,holdout_rahimabad
S05238,holdout_rahimabad
S05240,holdout_rahimabad
S05242,holdout_rahimabad
S05247,holdout_rahimabad
S05254,holdout_rahimabad
S05257,holdout_rahimabad
S05262,holdout_rahimabad
S05269,holdout_rahimabad
S05271,holdout_rahimabad
S05272,holdout_rahimabad
S05276,holdout_rahimabad
S05278,holdout_rahimabad
S05286,holdout_rahimabad
S05290,holdout_rahimabad
S05291,holdout_rahimabad
S05294,holdout_rahimabad
S05302,holdout_rahimabad
S05303,holdout_rahimabad
S05307,holdout_rahimabad
S05328,holdout_rahimabad
S05330,holdout_rahimabad
S05337,holdout_rahimabad
S05338,holdout_rahimabad
S05344,holdout_rahimabad
S05348,holdout_rahimabad
S05349,holdout_rahimabad
S05353,holdout_rahimabad
S05359,holdout_rahimabad
S05360,holdout_rahimabad
S05367,holdout_rahimabad
S05369,holdout_rahimabad
S05374,holdout_rahimabad
S05379,holdout_rahimabad
S05380,holdout_rahimabad
S05382,holdout_rahimabad
S05386,holdout_rahimabad
S05388,holdout_rahimabad
S05389,holdout_rahimabad
S05391,holdout_rahimabad
S05394,holdout_rahimabad
S05398,holdout_rahimabad
S05402,holdout_rahimabad
S05403,holdout_rahimabad
S05411,holdout_rahimabad
S05414,holdout_rahimabad
S05415,holdout_rahimabad
S05426,holdout_rahimabad
S05427,holdout_rahimabad
S05431,holdout_rahimabad
S05435,holdout_rahimabad
S05438,holdout_rahimabad
S05446,holdout_rahimabad
S05449,holdout_rahimabad
S05457,holdout_rahimabad
S05460,holdout_rahimabad
S05466,holdout_rahimabad
S05468,holdout_rahimabad
S05469,holdout_rahimabad
S05472,holdout_rahimabad
S05474,holdout_rahimabad
S05487,holdout_rahimabad
S05491,holdout_rahimabad
S05492,holdout_rahimabad
S05496,holdout_rahimabad
S05507,holdout_rahimabad
S05509,holdout_rahimabad
S05513,holdout_rahimabad
S05522,holdout_rahimabad
S05524,holdout_rahimabad
S05525,holdout_rahimabad
S05527,holdout_rahimabad
S05528,holdout_rahimabad
S05529,holdout_rahimabad
S05536,holdout_rahimabad
S05539,holdout_rahimabad
S05548,holdout_rahimabad
S05558,holdout_rahimabad
S05559,holdout_rahimabad
S05566,holdout_rahimabad
S05567,holdout_rahimabad
S05573,holdout_rahimabad
S05575,holdout_rahimabad
S05577,holdout_rahimabad
S05578,holdout_rahimabad
S05587,holdout_rahimabad
S05588,holdout_rahimabad
S05589,holdout_rahimabad
S05590,holdout_rahimabad
S05597,holdout_rahimabad
S05598,holdout_rahimabad
S05599,holdout_rahimabad
S05600,holdout_rahimabad
S05602,holdout_rahimabad
S05615,holdout_rahimabad
S05621,holdout_rahimabad
S05631,holdout_rahimabad
S05632,holdout_rahimabad
S05636,holdout_rahimabad
S05641,holdout_rahimabad
S05642,holdout_rahimabad
S05645,holdout_rahimabad
S05646,holdout_rahimabad
S05647,holdout_rahimabad
S05650,holdout_rahimabad
S05658,holdout_rahimabad
S05667,holdout_rahimabad
S05670,holdout_rahimabad
S05676,holdout_rahimabad
S05677,holdout_rahimabad
S05678,holdout_rahimabad
S05685,holdout_rahimabad
S05687,holdout_rahimabad
S05691,holdout_rahimabad
S05692,holdout_rahimabad
S05694,holdout_rahimabad
S05701,holdout_rahimabad
S05702,holdout_rahimabad
S05706,holdout_rahimabad
S05708,holdout_rahimabad
S05709,holdout_rahimabad
S05714,holdout_rahimabad
S05720,holdout_rahimabad
S05724,holdout_rahimabad
S05728,holdout_rahimabad
S05736,holdout_rahimabad
S05738,holdout_rahimabad
S05742,holdout_rahimabad
S05744,holdout_rahimabad
S05745,holdout_rahimabad
S05746,holdout_rahimabad
S05747,holdout_rahimabad
S05748,holdout_rahimabad
S05752,holdout_rahimabad
S05753,holdout_rahimabad
S05770,holdout_rahimabad
S05775,holdout_rahimabad
S05776,holdout_rahimabad
S05781,holdout_rahimabad
S05792,holdout_rahimabad
S05801,holdout_rahimabad
S05803,holdout_rahimabad
S05811,holdout_rahimabad
S05815,holdout_rahimabad
S05818,holdout_rahimabad
S05819,holdout_rahimabad
S05822,holdout_rahimabad
S05828,holdout_rahimabad
S05830,holdout_rahimabad
S05831,holdout_rahimabad
S05835,holdout_rahimabad
S05841,holdout_rahimabad
S05843,holdout_rahimabad
S05844,holdout_rahimabad
S05850,holdout_rahimabad
S05854,holdout_rahimabad
S05855,holdout_rahimabad
S05865,holdout_rahimabad
S05870,holdout_rahimabad
S05871,holdout_rahimabad
S05875,holdout_rahimabad
S05878,holdout_rahimabad
S05879,holdout_rahimabad
S05886,holdout_rahimabad
S05887,holdout_rahimabad
S05891,holdout_rahimabad
S05892,holdout_rahimabad
S05897,holdout_rahimabad
S05901,holdout_rahimabad
S05905,holdout_rahimabad
S05908,holdout_rahimabad
S05916,holdout_rahimabad
S05929,holdout_rahimabad
S05930,holdout_rahimabad
S05932,holdout_rahimabad
S05936,holdout_rahimabad
S05937,holdout_rahimabad
S05942,holdout_rahimabad
S05943,holdout_rahimabad
S05944,holdout_rahimabad
S05951,holdout_rahimabad
S05956,holdout_rahimabad
S05960,holdout_rahimabad
S05962,holdout_rahimabad
S05966,holdout_rahimabad
S05968,holdout_rahimabad
S05970,holdout_rahimabad
S05971,holdout_rahimabad
S05976,holdout_rahimabad
S05978,holdout_rahimabad
S05980,holdout_rahimabad
S05983,holdout_rahimabad
S05997,holdout_rahimabad
S06002,holdout_rahimabad
S06003,holdout_rahimabad
S06014,holdout_rahimabad
S06023,holdout_rahimabad
S06025,holdout_rahimabad
S06031,holdout_rahimabad
S06033,holdout_rahimabad
S06040,holdout_rahimabad
S06042,holdout_rahimabad
S06043,holdout_rahimabad
S06045,holdout_rahimabad
S06046,holdout_rahimabad
S06048,holdout_rahimabad
S06049,holdout_rahimabad
S06054,holdout_rahimabad
S06061,holdout_rahimabad
S06066,holdout_rahimabad
S06067,holdout_rahimabad
S06069,holdout_rahimabad
S06070,holdout_rahimabad
S06072,holdout_rahimabad
S06076,holdout_rahimabad
S06081,holdout_rahimabad
S06084,holdout_rahimabad
S06100,holdout_rahimabad
S06107,holdout_rahimabad
S06112,holdout_rahimabad
S06113,holdout_rahimabad
S06114,holdout_rahimabad
S06117,holdout_rahimabad
S06121,holdout_rahimabad
S06122,holdout_rahimabad
S06124,holdout_rahimabad
S06127,holdout_rahimabad
S06130,holdout_rahimabad
S06134,holdout_rahimabad
S06137,holdout_rahimabad
S06139,holdout_rahimabad
S06141,holdout_rahimabad
S06142,holdout_rahimabad
S06146,holdout_rahimabad
S06152,holdout_rahimabad
S06154,holdout_rahimabad
S06157,holdout_rahimabad
S06161,holdout_rahimabad
S06162,holdout_rahimabad
S06169,holdout_rahimabad
S06177,holdout_rahimabad
S06179,holdout_rahimabad
S06180,holdout_rahimabad
S06191,holdout_rahimabad
S06196,holdout_rahimabad
S06197,holdout_rahimabad
S06199,holdout_rahimabad
S06205,holdout_rahimabad
S06213,holdout_rahimabad
S06220,holdout_rahimabad
S06224,holdout_rahimabad
S06230,holdout_rahimabad
S06232,holdout_rahimabad
S06234,holdout_rahimabad
S06235,holdout_rahimabad
S06246,holdout_rahimabad
S06248,holdout_rahimabad
S06251,holdout_rahimabad
S06254,holdout_rahimabad
S06258,holdout_rahimabad
S06259,holdout_rahimabad
S06261,holdout_rahimabad
S06264,holdout_rahimabad
S06268,holdout_rahimabad
S06271,holdout_rahimabad
S06275,holdout_rahimabad
S06286,holdout_rahimabad
S06296,holdout_rahimabad
S06304,holdout_rahimabad
S06307,holdout_rahimabad
S06316,holdout_rahimabad
S06320,holdout_rahimabad
S06325,holdout_rahimabad
S06335,holdout_rahimabad
S06347,holdout_rahimabad
S06359,holdout_rahimabad
S06360,holdout_rahimabad
S06362,holdout_rahimabad
S06363,holdout_rahimabad
S06374,holdout_rahimabad
S06376,holdout_rahimabad
S06380,holdout_rahimabad
S06382,holdout_rahimabad
S06383,holdout_rahimabad
S06384,holdout_rahimabad
S06385,holdout_rahimabad
S06386,holdout_rahimabad
S06389,holdout_rahimabad
S06390,holdout_rahimabad
S06395,holdout_rahimabad
S06402,holdout_rahimabad
S06407,holdout_rahimabad
S06413,holdout_rahimabad
S06415,holdout_rahimabad
S06421,holdout_rahimabad
S06424,holdout_rahimabad
S06430,holdout_rahimabad
S06435,holdout_rahimabad
S06436,holdout_rahimabad
S06438,holdout_rahimabad
S06440,holdout_rahimabad
S06454,holdout_rahimabad
S06457,holdout_rahimabad
S06460,holdout_rahimabad
S06462,holdout_rahimabad
S06465,holdout_rahimabad
S06468,holdout_rahimabad
S06470,holdout_rahimabad
S06476,holdout_rahimabad
S06478,holdout_rahimabad
S06485,holdout_rahimabad
S06495,holdout_rahimabad
S06496,holdout_rahimabad
S06501,holdout_rahimabad
S06505,holdout_rahimabad
S06513,holdout_rahimabad
S06515,holdout_rahimabad
S06517,holdout_rahimabad
S06521,holdout_rahimabad
S06529,holdout_rahimabad
S06531,holdout_rahimabad
S06535,holdout_rahimabad
S06537,holdout_rahimabad
S06541,holdout_rahimabad
S06542,holdout_rahimabad
S06543,holdout_rahimabad
S06544,holdout_rahimabad
S06546,holdout_rahimabad
S06549,holdout_rahimabad
S06555,holdout_rahimabad
S06556,holdout_rahimabad
S06557,holdout_rahimabad
S06563,holdout_rahimabad
S06564,holdout_rahimabad
S06565,holdout_rahimabad
S06567,holdout_rahimabad
S06568,holdout_rahimabad
S06569,holdout_rahimabad
S06581,holdout_rahimabad
S06593,holdout_rahimabad
S06601,holdout_rahimabad
S06605,holdout_rahimabad
S06606,holdout_rahimabad
S06609,holdout_rahimabad
S06613,holdout_rahimabad
S06624,holdout_rahimabad
S06625,holdout_rahimabad
S06635,holdout_rahimabad
S06638,holdout_rahimabad
S06639,holdout_rahimabad
S06641,holdout_rahimabad
S06642,holdout_rahimabad
S06655,holdout_rahimabad
S06656,holdout_rahimabad
S06660,holdout_rahimabad
S06666,holdout_rahimabad
S06670,holdout_rahimabad
S06671,holdout_rahimabad
S06672,holdout_rahimabad
S06676,holdout_rahimabad
S06679,holdout_rahimabad
S06681,holdout_rahimabad
S06684,holdout_rahimabad
S06686,holdout_rahimabad
S06691,holdout_rahimabad
S06695,holdout_rahimabad
S06704,holdout_rahimabad
S06705,holdout_rahimabad
S06711,holdout_rahimabad
S06718,holdout_rahimabad
S06722,holdout_rahimabad
S06724,holdout_rahimabad
S06728,holdout_rahimabad
S06733,holdout_rahimabad
S06738,holdout_rahimabad
S06741,holdout_rahimabad
S06743,holdout_rahimabad
S06744,holdout_rahimabad
S06745,holdout_rahimabad
S06749,holdout_rahimabad
S06750,holdout_rahimabad
S06751,holdout_rahimabad
S06758,holdout_rahimabad
S06763,holdout_rahimabad
S06764,holdout_rahimabad
S06773,holdout_rahimabad
S06776,holdout_rahimabad
S06780,holdout_rahimabad
S06784,holdout_rahimabad
S06787,holdout_rahimabad
S06788,holdout_rahimabad
S06792,holdout_rahimabad
S06794,holdout_rahimabad
S06805,holdout_rahimabad
S06809,holdout_rahimabad
S06817,holdout_rahimabad
S06826,holdout_rahimabad
S06831,holdout_rahimabad
S06832,holdout_rahimabad
S06840,holdout_rahimabad
S06841,holdout_rahimabad
S06844,holdout_rahimabad
S06850,holdout_rahimabad
S06853,holdout_rahimabad
S06859,holdout_rahimabad
S06860,holdout_rahimabad
S06869,holdout_rahimabad
S06873,holdout_rahimabad
S06877,holdout_rahimabad
S06879,holdout_rahimabad
S06886,holdout_rahimabad
S06893,holdout_rahimabad
S06897,holdout_rahimabad
S06902,holdout_rahimabad
S06903,holdout_rahimabad
S06904,holdout_rahimabad
S06906,holdout_rahimabad
S06908,holdout_rahimabad
S06912,holdout_rahimabad
S06921,holdout_rahimabad
S06925,holdout_rahimabad
S06931,holdout_rahimabad
S06939,holdout_rahimabad
S06940,holdout_rahimabad
S06944,holdout_rahimabad
S06948,holdout_rahimabad
S06956,holdout_rahimabad
S06957,holdout_rahimabad
S06961,holdout_rahimabad
S06962,holdout_rahimabad
S06964,holdout_rahimabad
S06971,holdout_rahimabad
S06982,holdout_rahimabad
S06983,holdout_rahimabad
S06988,holdout_rahimabad
S06989,holdout_rahimabad
S06991,holdout_rahimabad
S06992,holdout_rahimabad
S06994,holdout_rahimabad
S06995,holdout_rahimabad
S06996,holdout_rahimabad
S07001,holdout_rahimabad
S07002,holdout_rahimabad
S07003,holdout_rahimabad
S07011,holdout_rahimabad
S07012,holdout_rahimabad
S07020,holdout_rahimabad
S07024,holdout_rahimabad
S07025,holdout_rahimabad
S07027,holdout_rahimabad
S07029,holdout_rahimabad
S07038,holdout_rahimabad
S07041,holdout_rahimabad
S07052,holdout_rahimabad
S07055,holdout_rahimabad
S07058,holdout_rahimabad
S07059,holdout_rahimabad
S07080,holdout_rahimabad
S07084,holdout_rahimabad
S07086,holdout_rahimabad
S07088,holdout_rahimabad
S07089,holdout_rahimabad
S07091,holdout_rahimabad
S07106,holdout_rahimabad
S07108,holdout_rahimabad
S07109,holdout_rahimabad
S07112,holdout_rahimabad
S07113,holdout_rahimabad
S07116,holdout_rahimabad
S07119,holdout_rahimabad
S07122,holdout_rahimabad
S07123,holdout_rahimabad
S07124,holdout_rahimabad
S07129,holdout_rahimabad
S07133,holdout_rahimabad
S07137,holdout_rahimabad
S07152,holdout_rahimabad
S07153,holdout_rahimabad
S07154,holdout_rahimabad
S07162,holdout_rahimabad
S07166,holdout_rahimabad
S07175,holdout_rahimabad
S07183,holdout_rahimabad
S07185,holdout_rahimabad
S07192,holdout_rahimabad
S07197,holdout_rahimabad
S07199,holdout_rahimabad
S07205,holdout_rahimabad
S07206,holdout_rahimabad
S07209,holdout_rahimabad
S07210,holdout_rahimabad
S07212,holdout_rahimabad
S07213,holdout_rahimabad
S07215,holdout_rahimabad
S07222,holdout_rahimabad
S07223,holdout_rahimabad
S07230,holdout_rahimabad
S07231,holdout_rahimabad
S07233,holdout_rahimabad
S07237,holdout_rahimabad
S07240,holdout_rahimabad
S07242,holdout_rahimabad
S07244,holdout_rahimabad
S07248,holdout_rahimabad
S07250,holdout_rahimabad
S07251,holdout_rahimabad
S07254,holdout_rahimabad
S07257,holdout_rahimabad
S07259,holdout_rahimabad
S07263,holdout_rahimabad
S07267,holdout_rahimabad
S07278,holdout_rahimabad
S07282,holdout_rahimabad
S07284,holdout_rahimabad
S07287,holdout_rahimabad
S07291,holdout_rahimabad
S07293,holdout_rahimabad
S07294,holdout_rahimabad
S07298,holdout_rahimabad
S07302,holdout_rahimabad
S07308,holdout_rahimabad
S07312,holdout_rahimabad
S07316,holdout_rahimabad
S07321,holdout_rahimabad
S07326,holdout_rahimabad
S07327,holdout_rahimabad
S07329,holdout_rahimabad
S07333,holdout_rahimabad
S07336,holdout_rahimabad
S07339,holdout_rahimabad
S07340,holdout_rahimabad
S07344,holdout_rahimabad
S07351,holdout_rahimabad
S07352,holdout_rahimabad
S07358,holdout_rahimabad
S07362,holdout_rahimabad
S07364,holdout_rahimabad
S07365,holdout_rahimabad
S07369,holdout_rahimabad
S07370,holdout_rahimabad
S07374,holdout_rahimabad
S07378,holdout_rahimabad
S07381,holdout_rahimabad
S07389,holdout_rahimabad
S07396,holdout_rahimabad
S07402,holdout_rahimabad
S07404,holdout_rahimabad
S07406,holdout_rahimabad
S07408,holdout_rahimabad
S07417,holdout_rahimabad
S07429,holdout_rahimabad
S07430,holdout_rahimabad
S07434,holdout_rahimabad
S07440,holdout_rahimabad
S07441,holdout_rahimabad
S07449,holdout_rahimabad
S07451,holdout_rahimabad
S07457,holdout_rahimabad
S07458,holdout_rahimabad
S07476,holdout_rahimabad
S07478,holdout_rahimabad
S07489,holdout_rahimabad
S07498,holdout_rahimabad
S07500,holdout_rahimabad
S07504,holdout_rahimabad
S07505,holdout_rahimabad
S07507,holdout_rahimabad
S07508,holdout_rahimabad
S07521,holdout_rahimabad
S07525,holdout_rahimabad
S07532,holdout_rahimabad
S07536,holdout_rahimabad
S07538,holdout_rahimabad
S07542,holdout_rahimabad
S07543,holdout_rahimabad
S07547,holdout_rahimabad
S07548,holdout_rahimabad
S07550,holdout_rahimabad
S07552,holdout_rahimabad
S07555,holdout_rahimabad
S07563,holdout_rahimabad
S07565,holdout_rahimabad
S07570,holdout_rahimabad
S07573,holdout_rahimabad
S07574,holdout_rahimabad
S07576,holdout_rahimabad
S07586,holdout_rahimabad
S07587,holdout_rahimabad
S07592,holdout_rahimabad
S07598,holdout_rahimabad
S07600,holdout_rahimabad
S07609,holdout_rahimabad
S07610,holdout_rahimabad
S07611,holdout_rahimabad
S07612,holdout_rahimabad
S07615,holdout_rahimabad
S07622,holdout_rahimabad
S07626,holdout_rahimabad
S07631,holdout_rahimabad
S07634,holdout_rahimabad
S07644,holdout_rahimabad
S07646,holdout_rahimabad
S07647,holdout_rahimabad
S07656,holdout_rahimabad
S07657,holdout_rahimabad
S07664,holdout_rahimabad
S07666,holdout_rahimabad
S07667,holdout_rahimabad
S07672,holdout_rahimabad
S07674,holdout_rahimabad
S07678,holdout_rahimabad
S07680,holdout_rahimabad
S07681,holdout_rahimabad
S07684,holdout_rahimabad
S07691,holdout_rahimabad
S07695,holdout_rahimabad
S07699,holdout_rahimabad
S07700,holdout_rahimabad
S07702,holdout_rahimabad
S07703,holdout_rahimabad
S07705,holdout_rahimabad
S07710,holdout_rahimabad
S07714,holdout_rahimabad
S07719,holdout_rahimabad
S07720,holdout_rahimabad
S07731,holdout_rahimabad
S07734,holdout_rahimabad
S07735,holdout_rahimabad
S07739,holdout_rahimabad
S07741,holdout_rahimabad
S07743,holdout_rahimabad
S07750,holdout_rahimabad
S07754,holdout_rahimabad
S07755,holdout_rahimabad
S07758,holdout_rahimabad
S07764,holdout_rahimabad
S07772,holdout_rahimabad
S07774,holdout_rahimabad
S07777,holdout_rahimabad
S07778,holdout_rahimabad
S07780,holdout_rahimabad
S07788,holdout_rahimabad
S07802,holdout_rahimabad
S07809,holdout_rahimabad
S07811,holdout_rahimabad
S07828,holdout_rahimabad
S07831,holdout_rahimabad
S07837,holdout_rahimabad
S07839,holdout_rahimabad
S07840,holdout_rahimabad
S07847,holdout_rahimabad
S07849,holdout_rahimabad
S07859,holdout_rahimabad
S07864,holdout_rahimabad
S07872,holdout_rahimabad
S07873,holdout_rahimabad
S07875,holdout_rahimabad
S07885,holdout_rahimabad
S07895,holdout_rahimabad
S07896,holdout_rahimabad
S07898,holdout_rahimabad
S07899,holdout_rahimabad
S07900,holdout_rahimabad
S07902,holdout_rahimabad
S07905,holdout_rahimabad
S07910,holdout_rahimabad
S07913,holdout_rahimabad
S07922,holdout_rahimabad
S07923,holdout_rahimabad
S07925,holdout_rahimabad
S07928,holdout_rahimabad
S07929,holdout_rahimabad
S07930,holdout_rahimabad
S07934,holdout_rahimabad
S07938,holdout_rahimabad
S07944,holdout_rahimabad
S07951,holdout_rahimabad
S07952,holdout_rahimabad
S07953,holdout_rahimabad
S07958,holdout_rahimabad
S07960,holdout_rahimabad
S07961,holdout_rahimabad
S07962,holdout_rahimabad
S07965,holdout_rahimabad
S07966,holdout_rahimabad
S07968,holdout_rahimabad
S07969,holdout_rahimabad
S07970,holdout_rahimabad
S07971,holdout_rahimabad
S07973,holdout_rahimabad
S07975,holdout_rahimabad
S07979,holdout_rahimabad
S07980,holdout_rahimabad
S07985,holdout_rahimabad
S07990,holdout_rahimabad
S07993,holdout_rahimabad
S07999,holdout_rahimabad
S08000,holdout_rahimabad
S08003,holdout_rahimabad
S08009,holdout_rahimabad
S08011,holdout_rahimabad
S08012,holdout_rahimabad
S08021,holdout_rahimabad
S08022,holdout_rahimabad
S08041,holdout_rahimabad
S08045,holdout_rahimabad
S08048,holdout_rahimabad
S08059,holdout_rahimabad
S08060,holdout_rahimabad
S08067,holdout_rahimabad
S08068,holdout_rahimabad
S08069,holdout_rahimabad
S08073,holdout_rahimabad
S08077,holdout_rahimabad
S08081,holdout_rahimabad
S08086,holdout_rahimabad
S08088,holdout_rahimabad
S08095,holdout_rahimabad
S08099,holdout_rahimabad
S08100,holdout_rahimabad
S08105,holdout_rahimabad
S08106,holdout_rahimabad
S08108,holdout_rahimabad
S08115,holdout_rahimabad
S08119,holdout_rahimabad
S08134,holdout_rahimabad
S08137,holdout_rahimabad
S08138,holdout_rahimabad
S08139,holdout_rahimabad
S08140,holdout_rahimabad
S08142,holdout_rahimabad
S08144,holdout_rahimabad
S08145,holdout_rahimabad
S08150,holdout_rahimabad
S08153,holdout_rahimabad
S08157,holdout_rahimabad
S08163,holdout_rahimabad
S08167,holdout_rahimabad
S08168,holdout_rahimabad
S08173,holdout_rahimabad
S08174,holdout_rahimabad
S08181,holdout_rahimabad
S08186,holdout_rahimabad
S08187,holdout_rahimabad
S08199,holdout_rahimabad
S08203,holdout_rahimabad
S08209,holdout_rahimabad
S08211,holdout_rahimabad
S08220,holdout_rahimabad
S08223,holdout_rahimabad
S08224,holdout_rahimabad
S08229,holdout_rahimabad
S08238,holdout_rahimabad
S08247,holdout_rahimabad
S08248,holdout_rahimabad
S08249,holdout_rahimabad
S08250,holdout_rahimabad
S08252,holdout_rahimabad
S08253,holdout_rahimabad
S08259,holdout_rahimabad
S08261,holdout_rahimabad
S08263,holdout_rahimabad
S08266,holdout_rahimabad
S08276,holdout_rahimabad
S08278,holdout_rahimabad
S08279,holdout_rahimabad
S08280,holdout_rahimabad
S08284,holdout_rahimabad
S08287,holdout_rahimabad
S08300,holdout_rahimabad
S08305,holdout_rahimabad
S08306,holdout_rahimabad
S08307,holdout_rahimabad
S08308,holdout_rahimabad
S08309,holdout_rahimabad
S08312,holdout_rahimabad
S08313,holdout_rahimabad
S08316,holdout_rahimabad
S08321,holdout_rahimabad
S08326,holdout_rahimabad
S08327,holdout_rahimabad
S08328,holdout_rahimabad
S08335,holdout_rahimabad
S08343,holdout_rahimabad
S08345,holdout_rahimabad
S08349,holdout_rahimabad
S08351,holdout_rahimabad
S08352,holdout_rahimabad
S08353,holdout_rahimabad
S08355,holdout_rahimabad
S08362,holdout_rahimabad
S08363,holdout_rahimabad
S08367,holdout_rahimabad
S08371,holdout_rahimabad
S08376,holdout_rahimabad
S08379,holdout_rahimabad
S08382,holdout_rahimabad
S08391,holdout_rahimabad
S08405,holdout_rahimabad
S08406,holdout_rahimabad
S08414,holdout_rahimabad
S08415,holdout_rahimabad
S08418,holdout_rahimabad
S08419,holdout_rahimabad
S08422,holdout_rahimabad
S08424,holdout_rahimabad
S08425,holdout_rahimabad
S08433,holdout_rahimabad
S08437,holdout_rahimabad
S08438,holdout_rahimabad
S08442,holdout_rahimabad
S08443,holdout_rahimabad
S08448,holdout_rahimabad
S08452,holdout_rahimabad
S08455,holdout_rahimabad
S08459,holdout_rahimabad
S08467,holdout_rahimabad
S08468,holdout_rahimabad
S08470,holdout_rahimabad
S08473,holdout_rahimabad
S08475,holdout_rahimabad
S08477,holdout_rahimabad
S08484,holdout_rahimabad
S08486,holdout_rahimabad
S08488,holdout_rahimabad
S08490,holdout_rahimabad
S08493,holdout_rahimabad
S08499,holdout_rahimabad
S08501,holdout_rahimabad
S08508,holdout_rahimabad
S08516,holdout_rahimabad
S08519,holdout_rahimabad
S08522,holdout_rahimabad
S08524,holdout_rahimabad
S08525,holdout_rahimabad
S08527,holdout_rahimabad
S08530,holdout_rahimabad
S08532,holdout_rahimabad
S08533,holdout_rahimabad
S08537,holdout_rahimabad
S08540,holdout_rahimabad
S08543,holdout_rahimabad
S08547,holdout_rahimabad
S08557,holdout_rahimabad
S08558,holdout_rahimabad
S08562,holdout_rahimabad
S08564,holdout_rahimabad
S08565,holdout_rahimabad
S08569,holdout_rahimabad
S08573,holdout_rahimabad
S08574,holdout_rahimabad
S08576,holdout_rahimabad
S08579,holdout_rahimabad
S08584,holdout_rahimabad
S08588,holdout_rahimabad
S08601,holdout_rahimabad
S08602,holdout_rahimabad
S08604,holdout_rahimabad
S08605,holdout_rahimabad
S08606,holdout_rahimabad
S08607,holdout_rahimabad
S08620,holdout_rahimabad
S08624,holdout_rahimabad
S08627,holdout_rahimabad
S08632,holdout_rahimabad
S08639,holdout_rahimabad
S08646,holdout_rahimabad
S08651,holdout_rahimabad
S08666,holdout_rahimabad
S08675,holdout_rahimabad
S08681,holdout_rahimabad
S08686,holdout_rahimabad
S08689,holdout_rahimabad
S08696,holdout_rahimabad
S08697,holdout_rahimabad
S08698,holdout_rahimabad
S08702,holdout_rahimabad
S08708,holdout_rahimabad
S08712,holdout_rahimabad
S08719,holdout_rahimabad
S08723,holdout_rahimabad
S08724,holdout_rahimabad
S08733,holdout_rahimabad
S08734,holdout_rahimabad
S08741,holdout_rahimabad
S08751,holdout_rahimabad
S08755,holdout_rahimabad
S08757,holdout_rahimabad
S08758,holdout_rahimabad
S08764,holdout_rahimabad
S08777,holdout_rahimabad
S08778,holdout_rahimabad
S08779,holdout_rahimabad
S08786,holdout_rahimabad
S08792,holdout_rahimabad
S08812,holdout_rahimabad
S08822,holdout_rahimabad
S08826,holdout_rahimabad
S08831,holdout_rahimabad
S08833,holdout_rahimabad
S08839,holdout_rahimabad
S08840,holdout_rahimabad
S08841,holdout_rahimabad
S08853,holdout_rahimabad
S08855,holdout_rahimabad
S08856,holdout_rahimabad
S08857,holdout_rahimabad
S08858,holdout_rahimabad
S08860,holdout_rahimabad
S08868,holdout_rahimabad
S08870,holdout_rahimabad
S08879,holdout_rahimabad
S08881,holdout_rahimabad
S08884,holdout_rahimabad
S08886,holdout_rahimabad
S08890,holdout_rahimabad
S08893,holdout_rahimabad
S08894,holdout_rahimabad
S08896,holdout_rahimabad
S08903,holdout_rahimabad
S08904,holdout_rahimabad
S08906,holdout_rahimabad
S08909,holdout_rahimabad
S08911,holdout_rahimabad
S08920,holdout_rahimabad
S08923,holdout_rahimabad
S08924,holdout_rahimabad
S08931,holdout_rahimabad
S08937,holdout_rahimabad
S08941,holdout_rahimabad
S08942,holdout_rahimabad
S08945,holdout_rahimabad
S08951,holdout_rahimabad
S08965,holdout_rahimabad
S08967,holdout_rahimabad
S08971,holdout_rahimabad
S08973,holdout_rahimabad
S08976,holdout_rahimabad
S08978,holdout_rahimabad
S08979,holdout_rahimabad
S08981,holdout_rahimabad
S08983,holdout_rahimabad
S08984,holdout_rahimabad
S08985,holdout_rahimabad
S09005,holdout_rahimabad
S09009,holdout_rahimabad
S09010,holdout_rahimabad
S09019,holdout_rahimabad
S09022,holdout_rahimabad
S09023,holdout_rahimabad
S09027,holdout_rahimabad
S09031,holdout_rahimabad
S09032,holdout_rahimabad
S09033,holdout_rahimabad
S09047,holdout_rahimabad
S09052,holdout_rahimabad
S09057,holdout_rahimabad
S09062,holdout_rahimabad
S09071,holdout_rahimabad
S09075,holdout_rahimabad
S09076,holdout_rahimabad
S09077,holdout_rahimabad
S09080,holdout_rahimabad
S09089,holdout_rahimabad
S09090,holdout_rahimabad
S09093,holdout_rahimabad
S09096,holdout_rahimabad
S09102,holdout_rahimabad
S09103,holdout_rahimabad
S09106,holdout_rahimabad
S09112,holdout_rahimabad
S09113,holdout_rahimabad
S09114,holdout_rahimabad
S09116,holdout_rahimabad
S09123,holdout_rahimabad
S09125,holdout_rahimabad
S09133,holdout_rahimabad
S09134,holdout_rahimabad
S09136,holdout_rahimabad
S09137,holdout_rahimabad
S09138,holdout_rahimabad
S09146,holdout_rahimabad
S09149,holdout_rahimabad
S09152,holdout_rahimabad
S09154,holdout_rahimabad
S09156,holdout_rahimabad
S09157,holdout_rahimabad
S09160,holdout_rahimabad
S09162,holdout_rahimabad
S09164,holdout_rahimabad
S09173,holdout_rahimabad
S09186,holdout_rahimabad
S09187,holdout_rahimabad
S09189,holdout_rahimabad
S09190,holdout_rahimabad
S09192,holdout_rahimabad
S09195,holdout_rahimabad
S09196,holdout_rahimabad
S09197,holdout_rahimabad
S09199,holdout_rahimabad
S09200,holdout_rahimabad
S09202,holdout_rahimabad
S09205,holdout_rahimabad
S09206,holdout_rahimabad
S09208,holdout_rahimabad
S09209,holdout_rahimabad
S09210,holdout_rahimabad
S09211,holdout_rahimabad
S09216,holdout_rahimabad
S09220,holdout_rahimabad
S09223,holdout_rahimabad
S09226,holdout_rahimabad
S09231,holdout_rahimabad
S09237,holdout_rahimabad
S09241,holdout_rahimabad
S09243,holdout_rahimabad
S09244,holdout_rahimabad
S09245,holdout_rahimabad
S09247,holdout_rahimabad
S09258,holdout_rahimabad
S09260,holdout_rahimabad
S09262,holdout_rahimabad
S09267,holdout_rahimabad
S09268,holdout_rahimabad
S09273,holdout_rahimabad
S09281,holdout_rahimabad
S09289,holdout_rahimabad
S09290,holdout_rahimabad
S09295,holdout_rahimabad
S09297,holdout_rahimabad
S09299,holdout_rahimabad
S09300,holdout_rahimabad
S09302,holdout_rahimabad
S09304,holdout_rahimabad
S09317,holdout_rahimabad
S09322,holdout_rahimabad
S09329,holdout_rahimabad
S09331,holdout_rahimabad
S09332,holdout_rahimabad
S09333,holdout_rahimabad
S09334,holdout_rahimabad
S09338,holdout_rahimabad
S09339,holdout_rahimabad
S09341,holdout_rahimabad
S09344,holdout_rahimabad
S09357,holdout_rahimabad
S09362,holdout_rahimabad
S09366,holdout_rahimabad
S09377,holdout_rahimabad
S09380,holdout_rahimabad
S09385,holdout_rahimabad
S09386,holdout_rahimabad
S09388,holdout_rahimabad
S09397,holdout_rahimabad
S09398,holdout_rahimabad
S09400,holdout_rahimabad
S09401,holdout_rahimabad
S09404,holdout_rahimabad
S09408,holdout_rahimabad
S09418,holdout_rahimabad
S09427,holdout_rahimabad
S09432,holdout_rahimabad
S09433,holdout_rahimabad
S09436,holdout_rahimabad
S09438,holdout_rahimabad
S09443,holdout_rahimabad
S09445,holdout_rahimabad
S09446,holdout_rahimabad
S09447,holdout_rahimabad
S09448,holdout_rahimabad
S09450,holdout_rahimabad
S09456,holdout_rahimabad
S09458,holdout_rahimabad
S09459,holdout_rahimabad
S09463,holdout_rahimabad
S09467,holdout_rahimabad
S09473,holdout_rahimabad
S09477,holdout_rahimabad
S09482,holdout_rahimabad
S09489,holdout_rahimabad
S09491,holdout_rahimabad
S09496,holdout_rahimabad
S09500,holdout_rahimabad
S09507,holdout_rahimabad
S09508,holdout_rahimabad
S09510,holdout_rahimabad
S09511,holdout_rahimabad
S09514,holdout_rahimabad
S09520,holdout_rahimabad
S09527,holdout_rahimabad
S09533,holdout_rahimabad
S09539,holdout_rahimabad
S09554,holdout_rahimabad
S09555,holdout_rahimabad
S09557,holdout_rahimabad
S09567,holdout_rahimabad
S09569,holdout_rahimabad
S09570,holdout_rahimabad
S09573,holdout_rahimabad
S09576,holdout_rahimabad
S09581,holdout_rahimabad
S09586,holdout_rahimabad
S09589,holdout_rahimabad
S09593,holdout_rahimabad
S09601,holdout_rahimabad
S09607,holdout_rahimabad
S09610,holdout_rahimabad
S09611,holdout_rahimabad
S09613,holdout_rahimabad
S09619,holdout_rahimabad
S09621,holdout_rahimabad
S09626,holdout_rahimabad
S09632,holdout_rahimabad
S09633,holdout_rahimabad
S09639,holdout_rahimabad
S09647,holdout_rahimabad
S09649,holdout_rahimabad
S09655,holdout_rahimabad
S09656,holdout_rahimabad
S09664,holdout_rahimabad
S09665,holdout_rahimabad
S09666,holdout_rahimabad
S09667,holdout_rahimabad
S09683,holdout_rahimabad
S09687,holdout_rahimabad
S09688,holdout_rahimabad
S09689,holdout_rahimabad
S09690,holdout_rahimabad
S09694,holdout_rahimabad
S09695,holdout_rahimabad
S09698,holdout_rahimabad
S09705,holdout_rahimabad
S09708,holdout_rahimabad
S09714,holdout_rahimabad
S09716,holdout_rahimabad
S09717,holdout_rahimabad
S09720,holdout_rahimabad
S09727,holdout_rahimabad
S09729,holdout_rahimabad
S09746,holdout_rahimabad
S09747,holdout_rahimabad
S09748,holdout_rahimabad
S09754,holdout_rahimabad
S09757,holdout_rahimabad
S09758,holdout_rahimabad
S09760,holdout_rahimabad
S09769,holdout_rahimabad
S09771,holdout_rahimabad
S09776,holdout_rahimabad
S09788,holdout_rahimabad
S09790,holdout_rahimabad
S09791,holdout_rahimabad
S09793,holdout_rahimabad
S09794,holdout_rahimabad
S09795,holdout_rahimabad
S09796,holdout_rahimabad
S09799,holdout_rahimabad
S09807,holdout_rahimabad
S09811,holdout_rahimabad
S09813,holdout_rahimabad
S09814,holdout_rahimabad
S09815,holdout_rahimabad
S09816,holdout_rahimabad
S09817,holdout_rahimabad
S09818,holdout_rahimabad
S09819,holdout_rahimabad
S09835,holdout_rahimabad
S09836,holdout_rahimabad
S09841,holdout_rahimabad
S09842,holdout_rahimabad
S09844,holdout_rahimabad
S09845,holdout_rahimabad
S09846,holdout_rahimabad
S09848,holdout_rahimabad
S09850,holdout_rahimabad
S09864,holdout_rahimabad
S09868,holdout_rahimabad
S09877,holdout_rahimabad
S09886,holdout_rahimabad
S09888,holdout_rahimabad
S09889,holdout_rahimabad
S09890,holdout_rahimabad
S09893,holdout_rahimabad
S09896,holdout_rahimabad
S09902,holdout_rahimabad
S09904,holdout_rahimabad
S09909,holdout_rahimabad
S09915,holdout_rahimabad
S09927,holdout_rahimabad
S09929,holdout_rahimabad
S09937,holdout_rahimabad
S09939,holdout_rahimabad
S09941,holdout_rahimabad
S09947,holdout_rahimabad
S09951,holdout_rahimabad
S09953,holdout_rahimabad
S09960,holdout_rahimabad
S09961,holdout_rahimabad
S09962,holdout_rahimabad
S09970,holdout_rahimabad
S09974,holdout_rahimabad
S09976,holdout_rahimabad
S09977,holdout_rahimabad
S09980,holdout_rahimabad
S09981,holdout_rahimabad
S09985,holdout_rahimabad
S09988,holdout_rahimabad
S09994,holdout_rahimabad
S09996,holdout_rahimabad
S10006,holdout_rahimabad
S10007,holdout_rahimabad
S10009,holdout_rahimabad
S10010,holdout_rahimabad
S10011,holdout_rahimabad
S10013,holdout_rahimabad
S10015,holdout_rahimabad
S10016,holdout_rahimabad
S10019,holdout_rahimabad
S10025,holdout_rahimabad
S10026,holdout_rahimabad
S10027,holdout_rahimabad
S10028,holdout_rahimabad
S10035,holdout_rahimabad
S10039,holdout_rahimabad
S10044,holdout_rahimabad
S10047,holdout_rahimabad
S10049,holdout_rahimabad
S10056,holdout_rahimabad
S10064,holdout_rahimabad
S10072,holdout_rahimabad
S10076,holdout_rahimabad
S10077,holdout_rahimabad
S10079,holdout_rahimabad
S10084,holdout_rahimabad
S10087,holdout_rahimabad
S10088,holdout_rahimabad
S10090,holdout_rahimabad
S10091,holdout_rahimabad
S10097,holdout_rahimabad
S10098,holdout_rahimabad
S10100,holdout_rahimabad
S10101,holdout_rahimabad
S10113,holdout_rahimabad
S10118,holdout_rahimabad
S10119,holdout_rahimabad
S10122,holdout_rahimabad
S10142,holdout_rahimabad
S10146,holdout_rahimabad
S10147,holdout_rahimabad
S10148,holdout_rahimabad
S10151,holdout_rahimabad
S10153,holdout_rahimabad
S10154,holdout_rahimabad
S10156,holdout_rahimabad
S10157,holdout_rahimabad
S10178,holdout_rahimabad
S10185,holdout_rahimabad
S10188,holdout_rahimabad
S10190,holdout_rahimabad
S10192,holdout_rahimabad
S10193,holdout_rahimabad
S10197,holdout_rahimabad
S10204,holdout_rahimabad
S10217,holdout_rahimabad
S10220,holdout_rahimabad
S10222,holdout_rahimabad
S10223,holdout_rahimabad
S10224,holdout_rahimabad
S10230,holdout_rahimabad
S10231,holdout_rahimabad
S10240,holdout_rahimabad
S10241,holdout_rahimabad
S10244,holdout_rahimabad
S10245,holdout_rahimabad
S10246,holdout_rahimabad
S10252,holdout_rahimabad
S10254,holdout_rahimabad
S10266,holdout_rahimabad
S10269,holdout_rahimabad
S10274,holdout_rahimabad
S10276,holdout_rahimabad
S10277,holdout_rahimabad
S10279,holdout_rahimabad
S10284,holdout_rahimabad
S10290,holdout_rahimabad
S10293,holdout_rahimabad
S10299,holdout_rahimabad
S10305,holdout_rahimabad
S10311,holdout_rahimabad
S10314,holdout_rahimabad
S10316,holdout_rahimabad
S10317,holdout_rahimabad
S10318,holdout_rahimabad
S10324,holdout_rahimabad
S10327,holdout_rahimabad
S10336,holdout_rahimabad
S10344,holdout_rahimabad
S10345,holdout_rahimabad
S10352,holdout_rahimabad
S10355,holdout_rahimabad
S10358,holdout_rahimabad
S10368,holdout_rahimabad
S10377,holdout_rahimabad
S10378,holdout_rahimabad
S10379,holdout_rahimabad
S10380,holdout_rahimabad
S10385,holdout_rahimabad
S10386,holdout_rahimabad
S10388,holdout_rahimabad
S10391,holdout_rahimabad
S10392,holdout_rahimabad
S10396,holdout_rahimabad
S10398,holdout_rahimabad
S10401,holdout_rahimabad
S10403,holdout_rahimabad
S10407,holdout_rahimabad
S10410,holdout_rahimabad
S10412,holdout_rahimabad
S10413,holdout_rahimabad
S10414,holdout_rahimabad
S10421,holdout_rahimabad
S10422,holdout_rahimabad
S10424,holdout_rahimabad
S10426,holdout_rahimabad
S10427,holdout_rahimabad
S10432,holdout_rahimabad
S10438,holdout_rahimabad
S10443,holdout_rahimabad
S10445,holdout_rahimabad
S10446,holdout_rahimabad
S10448,holdout_rahimabad
S10451,holdout_rahimabad
S10454,holdout_rahimabad
S10460,holdout_rahimabad
S10461,holdout_rahimabad
S10466,holdout_rahimabad
S10468,holdout_rahimabad
S10479,holdout_rahimabad
S10484,holdout_rahimabad
S10485,holdout_rahimabad
S10488,holdout_rahimabad
S10491,holdout_rahimabad
S10495,holdout_rahimabad
S10497,holdout_rahimabad
S10499,holdout_rahimabad
S10500,holdout_rahimabad
S10501,holdout_rahimabad
S10502,holdout_rahimabad
S10504,holdout_rahimabad
S10507,holdout_rahimabad
S10512,holdout_rahimabad
S10518,holdout_rahimabad
S10522,holdout_rahimabad
S10525,holdout_rahimabad
S10527,holdout_rahimabad
S10530,holdout_rahimabad
S10531,holdout_rahimabad
S10543,holdout_rahimabad
S10547,holdout_rahimabad
S10556,holdout_rahimabad
S10558,holdout_rahimabad
S10562,holdout_rahimabad
S10567,holdout_rahimabad
S10568,holdout_rahimabad
S10573,holdout_rahimabad
S10577,holdout_rahimabad
S10586,holdout_rahimabad
S10590,holdout_rahimabad
S10591,holdout_rahimabad
S10592,holdout_rahimabad
S10593,holdout_rahimabad
S10599,holdout_rahimabad
S10601,holdout_rahimabad
S10609,holdout_rahimabad
S10610,holdout_rahimabad
S10611,holdout_rahimabad
S10612,holdout_rahimabad
S10617,holdout_rahimabad
S10618,holdout_rahimabad
S10623,holdout_rahimabad
S10627,holdout_rahimabad
S10629,holdout_rahimabad
S10635,holdout_rahimabad
S10646,holdout_rahimabad
S10649,holdout_rahimabad
S10651,holdout_rahimabad
S10653,holdout_rahimabad
S10655,holdout_rahimabad
S10656,holdout_rahimabad
S10657,holdout_rahimabad
S10661,holdout_rahimabad
S10663,holdout_rahimabad
S10666,holdout_rahimabad
S10669,holdout_rahimabad
S10671,holdout_rahimabad
S10678,holdout_rahimabad
S10681,holdout_rahimabad
S10687,holdout_rahimabad
S10692,holdout_rahimabad
S10693,holdout_rahimabad
S10694,holdout_rahimabad
S10698,holdout_rahimabad
S10703,holdout_rahimabad
S10705,holdout_rahimabad
S10713,holdout_rahimabad
S10717,holdout_rahimabad
S10718,holdout_rahimabad
S10719,holdout_rahimabad
S10731,holdout_rahimabad
S10733,holdout_rahimabad
S10736,holdout_rahimabad
S10740,holdout_rahimabad
S10744,holdout_rahimabad
S10753,holdout_rahimabad
S10759,holdout_rahimabad
S10760,holdout_rahimabad
S10762,holdout_rahimabad
S10765,holdout_rahimabad
S10774,holdout_rahimabad
S10777,holdout_rahimabad
S10778,holdout_rahimabad
S10780,holdout_rahimabad
S10782,holdout_rahimabad
S10785,holdout_rahimabad
S10787,holdout_rahimabad
S10789,holdout_rahimabad
S10790,holdout_rahimabad
S10792,holdout_rahimabad
S10795,holdout_rahimabad
S10797,holdout_rahimabad
S10810,holdout_rahimabad
S10812,holdout_rahimabad
S10818,holdout_rahimabad
S10819,holdout_rahimabad
S10831,holdout_rahimabad
S10832,holdout_rahimabad
S10840,holdout_rahimabad
S10848,holdout_rahimabad
S10849,holdout_rahimabad
S10850,holdout_rahimabad
S10851,holdout_rahimabad
S10855,holdout_rahimabad
S10867,holdout_rahimabad
S10878,holdout_rahimabad
S10888,holdout_rahimabad
S10895,holdout_rahimabad
S10901,holdout_rahimabad
S10902,holdout_rahimabad
S10904,holdout_rahimabad
S10906,holdout_rahimabad
S10911,holdout_rahimabad
S10914,holdout_rahimabad
S10917,holdout_rahimabad
S10920,holdout_rahimabad
S10934,holdout_rahimabad
S10943,holdout_rahimabad
S10944,holdout_rahimabad
S10945,holdout_rahimabad
S10946,holdout_rahimabad
S10947,holdout_rahimabad
S10949,holdout_rahimabad
S10953,holdout_rahimabad
S10961,holdout_rahimabad
S10966,holdout_rahimabad
S10970,holdout_rahimabad
S10971,holdout_rahimabad
S10973,holdout_rahimabad
S10974,holdout_rahimabad
S10978,holdout_rahimabad
S10979,holdout_rahimabad
S10983,holdout_rahimabad
S10989,holdout_rahimabad
S10998,holdout_rahimabad
S10999,holdout_rahimabad
S11000,holdout_rahimabad
S11006,holdout_rahimabad
S11013,holdout_rahimabad
S11018,holdout_rahimabad
S11028,holdout_rahimabad
S11038,holdout_rahimabad
S11041,holdout_rahimabad
S11045,holdout_rahimabad
S11057,holdout_rahimabad
S11059,holdout_rahimabad
S11063,holdout_rahimabad
S11064,holdout_rahimabad
S11068,holdout_rahimabad
S11077,holdout_rahimabad
S11078,holdout_rahimabad
S11089,holdout_rahimabad
S11090,holdout_rahimabad
S11101,holdout_rahimabad
S11102,holdout_rahimabad
S11103,holdout_rahimabad
S11104,holdout_rahimabad
S11105,holdout_rahimabad
S11108,holdout_rahimabad
S11111,holdout_rahimabad
S11112,holdout_rahimabad
S11116,holdout_rahimabad
S11118,holdout_rahimabad
S11121,holdout_rahimabad
S11123,holdout_rahimabad
S11126,holdout_rahimabad
S11127,holdout_rahimabad
S11128,holdout_rahimabad
S11131,holdout_rahimabad
S11133,holdout_rahimabad
S11135,holdout_rahimabad
S11137,holdout_rahimabad
S11139,holdout_rahimabad
S11141,holdout_rahimabad
S11143,holdout_rahimabad
S11144,holdout_rahimabad
S11145,holdout_rahimabad
S11152,holdout_rahimabad
S11154,holdout_rahimabad
S11161,holdout_rahimabad
S11162,holdout_rahimabad
S11163,holdout_rahimabad
S11164,holdout_rahimabad
S11166,holdout_rahimabad
S11172,holdout_rahimabad
S11173,holdout_rahimabad
S11178,holdout_rahimabad
S11182,holdout_rahimabad
S11188,holdout_rahimabad
S11193,holdout_rahimabad
S11196,holdout_rahimabad
S11198,holdout_rahimabad
S11203,holdout_rahimabad
S11204,holdout_rahimabad
S11206,holdout_rahimabad
S11214,holdout_rahimabad
S11219,holdout_rahimabad
S11220,holdout_rahimabad
S11224,holdout_rahimabad
S11227,holdout_rahimabad
S11230,holdout_rahimabad
S11237,holdout_rahimabad
S11238,holdout_rahimabad
S11239,holdout_rahimabad
S11240,holdout_rahimabad
S11241,holdout_rahimabad
S11243,holdout_rahimabad
S11246,holdout_rahimabad
S11251,holdout_rahimabad
S11258,holdout_rahimabad
S11263,holdout_rahimabad
S11264,holdout_rahimabad
S11271,holdout_rahimabad
S11274,holdout_rahimabad
S11276,holdout_rahimabad
S11284,holdout_rahimabad
S11293,holdout_rahimabad
S11294,holdout_rahimabad
S11296,holdout_rahimabad
S11299,holdout_rahimabad
S11302,holdout_rahimabad
S11310,holdout_rahimabad
S11312,holdout_rahimabad
S11314,holdout_rahimabad
S11315,holdout_rahimabad
S11316,holdout_rahimabad
S11321,holdout_rahimabad
S11324,holdout_rahimabad
S11330,holdout_rahimabad
S11336,holdout_rahimabad
S11344,holdout_rahimabad
S11345,holdout_rahimabad
S11346,holdout_rahimabad
S11352,holdout_rahimabad
S11353,holdout_rahimabad
S11361,holdout_rahimabad
S11363,holdout_rahimabad
S11366,holdout_rahimabad
S11373,holdout_rahimabad
S11385,holdout_rahimabad
S11386,holdout_rahimabad
S11389,holdout_rahimabad
S11391,holdout_rahimabad
S11393,holdout_rahimabad
S11394,holdout_rahimabad
S11397,holdout_rahimabad
S11402,holdout_rahimabad
S11403,holdout_rahimabad
S11406,holdout_rahimabad
S11413,holdout_rahimabad
S11429,holdout_rahimabad
S11435,holdout_rahimabad
S11436,holdout_rahimabad
S11438,holdout_rahimabad
S11439,holdout_rahimabad
S11442,holdout_rahimabad
S11444,holdout_rahimabad
S11446,holdout_rahimabad
S11450,holdout_rahimabad
S11451,holdout_rahimabad
S11453,holdout_rahimabad
S11458,holdout_rahimabad
S11461,holdout_rahimabad
S11466,holdout_rahimabad
S11482,holdout_rahimabad
S11484,holdout_rahimabad
S11488,holdout_rahimabad
S11489,holdout_rahimabad
S11490,holdout_rahimabad
S11492,holdout_rahimabad
S11493,holdout_rahimabad
S11495,holdout_rahimabad
S11497,holdout_rahimabad
S11499,holdout_rahimabad
S11501,holdout_rahimabad
S11507,holdout_rahimabad
S11508,holdout_rahimabad
S11511,holdout_rahimabad
S11514,holdout_rahimabad
S11523,holdout_rahimabad
S11526,holdout_rahimabad
S11528,holdout_rahimabad
S11535,holdout_rahimabad
S11545,holdout_rahimabad
S11549,holdout_rahimabad
S11550,holdout_rahimabad
S11555,holdout_rahimabad
S11558,holdout_rahimabad
S11560,holdout_rahimabad
S11566,holdout_rahimabad
S11570,holdout_rahimabad
S11571,holdout_rahimabad
S11584,holdout_rahimabad
S11590,holdout_rahimabad
S11597,holdout_rahimabad
S11601,holdout_rahimabad
S11605,holdout_rahimabad
S11606,holdout_rahimabad
S11607,holdout_rahimabad
S11610,holdout_rahimabad
S11617,holdout_rahimabad
S11618,holdout_rahimabad
S11629,holdout_rahimabad
S11630,holdout_rahimabad
S11635,holdout_rahimabad
S11637,holdout_rahimabad
S11641,holdout_rahimabad
S11647,holdout_rahimabad
S11649,holdout_rahimabad
S11660,holdout_rahimabad
S11661,holdout_rahimabad
S11673,holdout_rahimabad
S11689,holdout_rahimabad
S11690,holdout_rahimabad
S11696,holdout_rahimabad
S11697,holdout_rahimabad
S11701,holdout_rahimabad
S11710,holdout_rahimabad
S11711,holdout_rahimabad
S11713,holdout_rahimabad
S11722,holdout_rahimabad
S11730,holdout_rahimabad
S11743,holdout_rahimabad
S11745,holdout_rahimabad
S11748,holdout_rahimabad
S11758,holdout_rahimabad
S11760,holdout_rahimabad
S11779,holdout_rahimabad
S11783,holdout_rahimabad
S11786,holdout_rahimabad
S11787,holdout_rahimabad
S11791,holdout_rahimabad
S11798,holdout_rahimabad
S11800,holdout_rahimabad
S11801,holdout_rahimabad
S11803,holdout_rahimabad
S11804,holdout_rahimabad
S11817,holdout_rahimabad
S11818,holdout_rahimabad
S11823,holdout_rahimabad
S11824,holdout_rahimabad
S11828,holdout_rahimabad
S11836,holdout_rahimabad
S11837,holdout_rahimabad
S11839,holdout_rahimabad
S11860,holdout_rahimabad
S11862,holdout_rahimabad
S11863,holdout_rahimabad
S11869,holdout_rahimabad
S11871,holdout_rahimabad
S11874,holdout_rahimabad
S11887,holdout_rahimabad
S11889,holdout_rahimabad
S11890,holdout_rahimabad
S11892,holdout_rahimabad
S11895,holdout_rahimabad
S11896,holdout_rahimabad
S11898,holdout_rahimabad
S11900,holdout_rahimabad
S11902,holdout_rahimabad
S11906,holdout_rahimabad
S11907,holdout_rahimabad
S11914,holdout_rahimabad
S11915,holdout_rahimabad
S11917,holdout_rahimabad
S11925,holdout_rahimabad
S11928,holdout_rahimabad
S11931,holdout_rahimabad
S11938,holdout_rahimabad
S11942,holdout_rahimabad
S11943,holdout_rahimabad
S11948,holdout_rahimabad
S11953,holdout_rahimabad
S11956,holdout_rahimabad
S11957,holdout_rahimabad
S11959,holdout_rahimabad
S11961,holdout_rahimabad
S11962,holdout_rahimabad
S11964,holdout_rahimabad
S11977,holdout_rahimabad
S11978,holdout_rahimabad
S11985,holdout_rahimabad
S11988,holdout_rahimabad
S11992,holdout_rahimabad
S11996,holdout_rahimabad
S11997,holdout_rahimabad
S11999,holdout_rahimabad
S12011,holdout_rahimabad
S12014,holdout_rahimabad
S12015,holdout_rahimabad
S12017,holdout_rahimabad
S12018,holdout_rahimabad
S12024,holdout_rahimabad
S12026,holdout_rahimabad
S12032,holdout_rahimabad
S12035,holdout_rahimabad
S12037,holdout_rahimabad
S12039,holdout_rahimabad
S12041,holdout_rahimabad
S12045,holdout_rahimabad
S12046,holdout_rahimabad
S12047,holdout_rahimabad
S12050,holdout_rahimabad
S12051,holdout_rahimabad
S12054,holdout_rahimabad
S12056,holdout_rahimabad
S12063,holdout_rahimabad
S12065,holdout_rahimabad
S12071,holdout_rahimabad
S12077,holdout_rahimabad
S12086,holdout_rahimabad
S12087,holdout_rahimabad
S12107,holdout_rahimabad
S12109,holdout_rahimabad
S12112,holdout_rahimabad
S12117,holdout_rahimabad
S12131,holdout_rahimabad
S12153,holdout_rahimabad
S12159,holdout_rahimabad
S12179,holdout_rahimabad
S12181,holdout_rahimabad
S12182,holdout_rahimabad
S12183,holdout_rahimabad
S12193,holdout_rahimabad
S12200,holdout_rahimabad
S12203,holdout_rahimabad
S12205,holdout_rahimabad
S12206,holdout_rahimabad
S12209,holdout_rahimabad
S12211,holdout_rahimabad
S12219,holdout_rahimabad
S12224,holdout_rahimabad
S12227,holdout_rahimabad
S12231,holdout_rahimabad
S12238,holdout_rahimabad
S12240,holdout_rahimabad
S12243,holdout_rahimabad
S12252,holdout_rahimabad
S12254,holdout_rahimabad
S12255,holdout_rahimabad
S12258,holdout_rahimabad
S12260,holdout_rahimabad
S12266,holdout_rahimabad
S12269,holdout_rahimabad
S12270,holdout_rahimabad
S12272,holdout_rahimabad
S12276,holdout_rahimabad
S12277,holdout_rahimabad
S12279,holdout_rahimabad
S12280,holdout_rahimabad
S12285,holdout_rahimabad
S12286,holdout_rahimabad
S12295,holdout_rahimabad
S12298,holdout_rahimabad
S12304,holdout_rahimabad
S12311,holdout_rahimabad
S12313,holdout_rahimabad
S12314,holdout_rahimabad
S12317,holdout_rahimabad
S12327,holdout_rahimabad
S12328,holdout_rahimabad
S12329,holdout_rahimabad
S12330,holdout_rahimabad
S12335,holdout_rahimabad
S12338,holdout_rahimabad
S12339,holdout_rahimabad
S12342,holdout_rahimabad
S12348,holdout_rahimabad
S12351,holdout_rahimabad
S12354,holdout_rahimabad
S12357,holdout_rahimabad
S12358,holdout_rahimabad
S12360,holdout_rahimabad
S12363,holdout_rahimabad
S12364,holdout_rahimabad
S12366,holdout_rahimabad
S12367,holdout_rahimabad
S12370,holdout_rahimabad
S12371,holdout_rahimabad
S12375,holdout_rahimabad
S12380,holdout_rahimabad
S12382,holdout_rahimabad
S12385,holdout_rahimabad
S12388,holdout_rahimabad
S12389,holdout_rahimabad
S12393,holdout_rahimabad
S12396,holdout_rahimabad
S12402,holdout_rahimabad
S12403,holdout_rahimabad
S12404,holdout_rahimabad
S12406,holdout_rahimabad
S12410,holdout_rahimabad
S12427,holdout_rahimabad
S12436,holdout_rahimabad
S12437,holdout_rahimabad
S12443,holdout_rahimabad
S12444,holdout_rahimabad
S12446,holdout_rahimabad
S12447,holdout_rahimabad
S12452,holdout_rahimabad
S12454,holdout_rahimabad
S12458,holdout_rahimabad
S12460,holdout_rahimabad
S12464,holdout_rahimabad
S12469,holdout_rahimabad
S12471,holdout_rahimabad
S12474,holdout_rahimabad
S12478,holdout_rahimabad
S12479,holdout_rahimabad
S12488,holdout_rahimabad
S12493,holdout_rahimabad
S12494,holdout_rahimabad
S12504,holdout_rahimabad
S12507,holdout_rahimabad
S12508,holdout_rahimabad
S12509,holdout_rahimabad
S12510,holdout_rahimabad
S12511,holdout_rahimabad
S12514,holdout_rahimabad
S12515,holdout_rahimabad
S12516,holdout_rahimabad
S12517,holdout_rahimabad
S12520,holdout_rahimabad
S12521,holdout_rahimabad
S12523,holdout_rahimabad
S12524,holdout_rahimabad
S12527,holdout_rahimabad
S12533,holdout_rahimabad
S12535,holdout_rahimabad
S12536,holdout_rahimabad
S12541,holdout_rahimabad
S12554,holdout_rahimabad
S12556,holdout_rahimabad
S12558,holdout_rahimabad
S12570,holdout_rahimabad
S12577,holdout_rahimabad
S12579,holdout_rahimabad
S12580,holdout_rahimabad
S12584,holdout_rahimabad
S12588,holdout_rahimabad
S12591,holdout_rahimabad
S12596,holdout_rahimabad
S12599,holdout_rahimabad
S12604,holdout_rahimabad
S12608,holdout_rahimabad
S12614,holdout_rahimabad
S12618,holdout_rahimabad
S12627,holdout_rahimabad
S12629,holdout_rahimabad
S12636,holdout_rahimabad
S12646,holdout_rahimabad
S12649,holdout_rahimabad
S12650,holdout_rahimabad
S12652,holdout_rahimabad
S12658,holdout_rahimabad
S12663,holdout_rahimabad
S12667,holdout_rahimabad
S12670,holdout_rahimabad
S12671,holdout_rahimabad
S12673,holdout_rahimabad
S12675,holdout_rahimabad
S12684,holdout_rahimabad
S12686,holdout_rahimabad
S12695,holdout_rahimabad
S12715,holdout_rahimabad
S12718,holdout_rahimabad
S12721,holdout_rahimabad
S12726,holdout_rahimabad
S12730,holdout_rahimabad
S12734,holdout_rahimabad
S12739,holdout_rahimabad
S12740,holdout_rahimabad
S12747,holdout_rahimabad
S12750,holdout_rahimabad
S12751,holdout_rahimabad
S12753,holdout_rahimabad
S12763,holdout_rahimabad
S12765,holdout_rahimabad
S12766,holdout_rahimabad
S12771,holdout_rahimabad
S12772,holdout_rahimabad
S12774,holdout_rahimabad
S12776,holdout_rahimabad
S12780,holdout_rahimabad
S12782,holdout_rahimabad
S12785,holdout_rahimabad
S12790,holdout_rahimabad
S12791,holdout_rahimabad
S12794,holdout_rahimabad
S12796,holdout_rahimabad
S12800,holdout_rahimabad
S12808,holdout_rahimabad
S12809,holdout_rahimabad
S12811,holdout_rahimabad
S12818,holdout_rahimabad
S12822,holdout_rahimabad
S12837,holdout_rahimabad
S12842,holdout_rahimabad
S12843,holdout_rahimabad
S12845,holdout_rahimabad
S12847,holdout_rahimabad
S12850,holdout_rahimabad
S12853,holdout_rahimabad
S12855,holdout_rahimabad
S12859,holdout_rahimabad
S12864,holdout_rahimabad
S12866,holdout_rahimabad
S12867,holdout_rahimabad
S12873,holdout_rahimabad
S12876,holdout_rahimabad
S12878,holdout_rahimabad
S12883,holdout_rahimabad
S12884,holdout_rahimabad
S12885,holdout_rahimabad
S12889,holdout_rahimabad
S12890,holdout_rahimabad
S12899,holdout_rahimabad
S12919,holdout_rahimabad
S12927,holdout_rahimabad
S12930,holdout_rahimabad
S12936,holdout_rahimabad
S12947,holdout_rahimabad
S12951,holdout_rahimabad
S12954,holdout_rahimabad
S12956,holdout_rahimabad
S12957,holdout_rahimabad
S12961,holdout_rahimabad
S12977,holdout_rahimabad
S12980,holdout_rahimabad
S12981,holdout_rahimabad
S12982,holdout_rahimabad
S12991,holdout_rahimabad
S12994,holdout_rahimabad
S13000,holdout_rahimabad
S13001,holdout_rahimabad
S13002,holdout_rahimabad
S13008,holdout_rahimabad
S13010,holdout_rahimabad
S13011,holdout_rahimabad
S13015,holdout_rahimabad
S13019,holdout_rahimabad
S13027,holdout_rahimabad
S13031,holdout_rahimabad
S13038,holdout_rahimabad
S13044,holdout_rahimabad
S13046,holdout_rahimabad
S13047,holdout_rahimabad
S13050,holdout_rahimabad
S13052,holdout_rahimabad
S13057,holdout_rahimabad
S13059,holdout_rahimabad
S13061,holdout_rahimabad
S13063,holdout_rahimabad
S13066,holdout_rahimabad
S13067,holdout_rahimabad
S13075,holdout_rahimabad
S13077,holdout_rahimabad
S13083,holdout_rahimabad
S13086,holdout_rahimabad
S13087,holdout_rahimabad
S13092,holdout_rahimabad
S13096,holdout_rahimabad
S13097,holdout_rahimabad
S13100,holdout_rahimabad
S13104,holdout_rahimabad
S13105,holdout_rahimabad
S13107,holdout_rahimabad
S13110,holdout_rahimabad
S13114,holdout_rahimabad
S13123,holdout_rahimabad
S13130,holdout_rahimabad
S13136,holdout_rahimabad
S13137,holdout_rahimabad
S13146,holdout_rahimabad
S13153,holdout_rahimabad
S13157,holdout_rahimabad
S13158,holdout_rahimabad
S13162,holdout_rahimabad
S13164,holdout_rahimabad
S13166,holdout_rahimabad
S13174,holdout_rahimabad
S13177,holdout_rahimabad
S13186,holdout_rahimabad
S13197,holdout_rahimabad
S13198,holdout_rahimabad
S13200,holdout_rahimabad
S13203,holdout_rahimabad
S13204,holdout_rahimabad
S13206,holdout_rahimabad
S13207,holdout_rahimabad
S13210,holdout_rahimabad
S13211,holdout_rahimabad
S13214,holdout_rahimabad
S13227,holdout_rahimabad
S13233,holdout_rahimabad
S13237,holdout_rahimabad
S13238,holdout_rahimabad
S13244,holdout_rahimabad
S13245,holdout_rahimabad
S13262,holdout_rahimabad
S13263,holdout_rahimabad
S13269,holdout_rahimabad
S13273,holdout_rahimabad
S13282,holdout_rahimabad
S13283,holdout_rahimabad
S13284,holdout_rahimabad
S13286,holdout_rahimabad
S13289,holdout_rahimabad
S13292,holdout_rahimabad
S13293,holdout_rahimabad
S13294,holdout_rahimabad
S13296,holdout_rahimabad
S13301,holdout_rahimabad
S13303,holdout_rahimabad
S13304,holdout_rahimabad
S13307,holdout_rahimabad
S13317,holdout_rahimabad
S13319,holdout_rahimabad
S13322,holdout_rahimabad
S13326,holdout_rahimabad
S13331,holdout_rahimabad
S13337,holdout_rahimabad
S13341,holdout_rahimabad
S13347,holdout_rahimabad
S13349,holdout_rahimabad
S13354,holdout_rahimabad
S13361,holdout_rahimabad
S13363,holdout_rahimabad
S13366,holdout_rahimabad
S13367,holdout_rahimabad
S13368,holdout_rahimabad
S13375,holdout_rahimabad
S13378,holdout_rahimabad
S13379,holdout_rahimabad
S13380,holdout_rahimabad
S13385,holdout_rahimabad
S13386,holdout_rahimabad
S13397,holdout_rahimabad
S13398,holdout_rahimabad
S13399,holdout_rahimabad
S13405,holdout_rahimabad
S13413,holdout_rahimabad
S13422,holdout_rahimabad
S13424,holdout_rahimabad
S13425,holdout_rahimabad
S13428,holdout_rahimabad
S13434,holdout_rahimabad
S13442,holdout_rahimabad
S13444,holdout_rahimabad
S13449,holdout_rahimabad
S13455,holdout_rahimabad
S13460,holdout_rahimabad
S13463,holdout_rahimabad
S13465,holdout_rahimabad
S13466,holdout_rahimabad
S13470,holdout_rahimabad
S13473,holdout_rahimabad
S13475,holdout_rahimabad
S13477,holdout_rahimabad
S13478,holdout_rahimabad
S13484,holdout_rahimabad
S13489,holdout_rahimabad
S13490,holdout_rahimabad
S13491,holdout_rahimabad
S13497,holdout_rahimabad
S13499,holdout_rahimabad
S13503,holdout_rahimabad
S13508,holdout_rahimabad
S13515,holdout_rahimabad
S13520,holdout_rahimabad
S13522,holdout_rahimabad
S13523,holdout_rahimabad
S13524,holdout_rahimabad
S13525,holdout_rahimabad
S13532,holdout_rahimabad
S13533,holdout_rahimabad
S13537,holdout_rahimabad
S13545,holdout_rahimabad
S13546,holdout_rahimabad
S13551,holdout_rahimabad
S13554,holdout_rahimabad
S13556,holdout_rahimabad
S13557,holdout_rahimabad
S13559,holdout_rahimabad
S13561,holdout_rahimabad
S13566,holdout_rahimabad
S13569,holdout_rahimabad
S13571,holdout_rahimabad
S13573,holdout_rahimabad
S13576,holdout_rahimabad
S13584,holdout_rahimabad
S13595,holdout_rahimabad
S13596,holdout_rahimabad
S13600,holdout_rahimabad
S13609,holdout_rahimabad
S13610,holdout_rahimabad
S13612,holdout_rahimabad
S13613,holdout_rahimabad
S13618,holdout_rahimabad
S13625,holdout_rahimabad
S13629,holdout_rahimabad
S13634,holdout_rahimabad
S13635,holdout_rahimabad
S13636,holdout_rahimabad
S13637,holdout_rahimabad
S13644,holdout_rahimabad
S13645,holdout_rahimabad
S13649,holdout_rahimabad
S13651,holdout_rahimabad
S13660,holdout_rahimabad
S13666,holdout_rahimabad
S13673,holdout_rahimabad
S13674,holdout_rahimabad
S13677,holdout_rahimabad
S13678,holdout_rahimabad
S13682,holdout_rahimabad
S13684,holdout_rahimabad
S13685,holdout_rahimabad
S13690,holdout_rahimabad
S13694,holdout_rahimabad
S13696,holdout_rahimabad
S13699,holdout_rahimabad
S13709,holdout_rahimabad
S13712,holdout_rahimabad
S13718,holdout_rahimabad
S13723,holdout_rahimabad
S13726,holdout_rahimabad
S13730,holdout_rahimabad
S13733,holdout_rahimabad
S13735,holdout_rahimabad
S13738,holdout_rahimabad
S13740,holdout_rahimabad
S13742,holdout_rahimabad
S13745,holdout_rahimabad
S13746,holdout_rahimabad
S13748,holdout_rahimabad
S13758,holdout_rahimabad
S13760,holdout_rahimabad
S13762,holdout_rahimabad
S13767,holdout_rahimabad
S13771,holdout_rahimabad
S13772,holdout_rahimabad
S13774,holdout_rahimabad
S13775,holdout_rahimabad
S13781,holdout_rahimabad
S13786,holdout_rahimabad
S13791,holdout_rahimabad
S13800,holdout_rahimabad
S13801,holdout_rahimabad
S13802,holdout_rahimabad
S13805,holdout_rahimabad
S13806,holdout_rahimabad
S13807,holdout_rahimabad
S13812,holdout_rahimabad
S13817,holdout_rahimabad
S13821,holdout_rahimabad
S13823,holdout_rahimabad
S13825,holdout_rahimabad
S13829,holdout_rahimabad
S13830,holdout_rahimabad
S13831,holdout_rahimabad
S13847,holdout_rahimabad
S13851,holdout_rahimabad
S13857,holdout_rahimabad
S13859,holdout_rahimabad
S13865,holdout_rahimabad
S13879,holdout_rahimabad
S13887,holdout_rahimabad
S13890,holdout_rahimabad
S13891,holdout_rahimabad
S13892,holdout_rahimabad
S13893,holdout_rahimabad
S13897,holdout_rahimabad
S13900,holdout_rahimabad
S13903,holdout_rahimabad
S13917,holdout_rahimabad
S13918,holdout_rahimabad
S13927,holdout_rahimabad
S13929,holdout_rahimabad
S13935,holdout_rahimabad
S13938,holdout_rahimabad
S13939,holdout_rahimabad
S13946,holdout_rahimabad
S13955,holdout_rahimabad
S13960,holdout_rahimabad
S13961,holdout_rahimabad
S13965,holdout_rahimabad
S13967,holdout_rahimabad
S13974,holdout_rahimabad
S13981,holdout_rahimabad
S13983,holdout_rahimabad
S13988,holdout_rahimabad
S13995,holdout_rahimabad
S14003,holdout_rahimabad
S14004,holdout_rahimabad
S14005,holdout_rahimabad
S14033,holdout_rahimabad
S14034,holdout_rahimabad
S14037,holdout_rahimabad
S14040,holdout_rahimabad
S14048,holdout_rahimabad
S14053,holdout_rahimabad
S14055,holdout_rahimabad
S14062,holdout_rahimabad
S14067,holdout_rahimabad
S14068,holdout_rahimabad
S14070,holdout_rahimabad
S14076,holdout_rahimabad
S14101,holdout_rahimabad
S14106,holdout_rahimabad
S14109,holdout_rahimabad
S14110,holdout_rahimabad
S14115,holdout_rahimabad
S14124,holdout_rahimabad
S14126,holdout_rahimabad
S14130,holdout_rahimabad
S14132,holdout_rahimabad
S14134,holdout_rahimabad
S14135,holdout_rahimabad
S14138,holdout_rahimabad
S14145,holdout_rahimabad
S14146,holdout_rahimabad
S14150,holdout_rahimabad
S14152,holdout_rahimabad
S14155,holdout_rahimabad
S14156,holdout_rahimabad
S14157,holdout_rahimabad
S14158,holdout_rahimabad
S14167,holdout_rahimabad
S14169,holdout_rahimabad
S14170,holdout_rahimabad
S14172,holdout_rahimabad
S14188,holdout_rahimabad
S14196,holdout_rahimabad
S14199,holdout_rahimabad
S14203,holdout_rahimabad
S14204,holdout_rahimabad
S14206,holdout_rahimabad
S14207,holdout_rahimabad
S14209,holdout_rahimabad
S14211,holdout_rahimabad
S14212,holdout_rahimabad
S14215,holdout_rahimabad
S14217,holdout_rahimabad
S14229,holdout_rahimabad
S14231,holdout_rahimabad
S14233,holdout_rahimabad
S14244,holdout_rahimabad
S14252,holdout_rahimabad
S14254,holdout_rahimabad
S14255,holdout_rahimabad
S14258,holdout_rahimabad
S14262,holdout_rahimabad
S14268,holdout_rahimabad
S14269,holdout_rahimabad
S14273,holdout_rahimabad
S14274,holdout_rahimabad
S14275,holdout_rahimabad
S14279,holdout_rahimabad
S14283,holdout_rahimabad
S14285,holdout_rahimabad
S14289,holdout_rahimabad
S14290,holdout_rahimabad
S14293,holdout_rahimabad
S14295,holdout_rahimabad
S14296,holdout_rahimabad
S14299,holdout_rahimabad
S14313,holdout_rahimabad
S14316,holdout_rahimabad
S14319,holdout_rahimabad
S14323,holdout_rahimabad
S14333,holdout_rahimabad
S14334,holdout_rahimabad
S14340,holdout_rahimabad
S14345,holdout_rahimabad
S14349,holdout_rahimabad
S14357,holdout_rahimabad
S14366,holdout_rahimabad
S14369,holdout_rahimabad
S14371,holdout_rahimabad
S14376,holdout_rahimabad
S14379,holdout_rahimabad
S14388,holdout_rahimabad
S14389,holdout_rahimabad
S14392,holdout_rahimabad
S14396,holdout_rahimabad
S14397,holdout_rahimabad
S14404,holdout_rahimabad
S14410,holdout_rahimabad
S14415,holdout_rahimabad
S14419,holdout_rahimabad
S14420,holdout_rahimabad
S14425,holdout_rahimabad
S14433,holdout_rahimabad
S14434,holdout_rahimabad
S14435,holdout_rahimabad
S14438,holdout_rahimabad
S14440,holdout_rahimabad
S14443,holdout_rahimabad
S14444,holdout_rahimabad
S14447,holdout_rahimabad
S14448,holdout_rahimabad
S14450,holdout_rahimabad
S14451,holdout_rahimabad
S14454,holdout_rahimabad
S14461,holdout_rahimabad
S14464,holdout_rahimabad
S14467,holdout_rahimabad
S14471,holdout_rahimabad
S14472,holdout_rahimabad
S14487,holdout_rahimabad
S14491,holdout_rahimabad
S14497,holdout_rahimabad
S14498,holdout_rahimabad
S14501,holdout_rahimabad
S14502,holdout_rahimabad
S14503,holdout_rahimabad
S14504,holdout_rahimabad
S14516,holdout_rahimabad
S14522,holdout_rahimabad
S14526,holdout_rahimabad
S14532,holdout_rahimabad
S14540,holdout_rahimabad
S14543,holdout_rahimabad
S14546,holdout_rahimabad
S14548,holdout_rahimabad
S14550,holdout_rahimabad
S14553,holdout_rahimabad
S14554,holdout_rahimabad
S14557,holdout_rahimabad
S14561,holdout_rahimabad
S14562,holdout_rahimabad
S14566,holdout_rahimabad
S14574,holdout_rahimabad
S14575,holdout_rahimabad
S14589,holdout_rahimabad
S14590,holdout_rahimabad
S14597,holdout_rahimabad
S14598,holdout_rahimabad
S14603,holdout_rahimabad
S14605,holdout_rahimabad
S14607,holdout_rahimabad
S14618,holdout_rahimabad
S14619,holdout_rahimabad
S14626,holdout_rahimabad
S14628,holdout_rahimabad
S14636,holdout_rahimabad
S14637,holdout_rahimabad
S14647,holdout_rahimabad
S14672,holdout_rahimabad
S14674,holdout_rahimabad
S14676,holdout_rahimabad
S14679,holdout_rahimabad
S14682,holdout_rahimabad
S14683,holdout_rahimabad
S14686,holdout_rahimabad
S14691,holdout_rahimabad
S14700,holdout_rahimabad
S14701,holdout_rahimabad
S14705,holdout_rahimabad
S14710,holdout_rahimabad
S14719,holdout_rahimabad
S14722,holdout_rahimabad
S14725,holdout_rahimabad
S14726,holdout_rahimabad
S14732,holdout_rahimabad
S14733,holdout_rahimabad
S14739,holdout_rahimabad
S14745,holdout_rahimabad
S14746,holdout_rahimabad
S14749,holdout_rahimabad
S14754,holdout_rahimabad
S14757,holdout_rahimabad
S14758,holdout_rahimabad
S14765,holdout_rahimabad
S14766,holdout_rahimabad
S14767,holdout_rahimabad
S14768,holdout_rahimabad
S14769,holdout_rahimabad
S14775,holdout_rahimabad
S14776,holdout_rahimabad
S14777,holdout_rahimabad
S14788,holdout_rahimabad
S14790,holdout_rahimabad
S14792,holdout_rahimabad
S14794,holdout_rahimabad
S14796,holdout_rahimabad
S14798,holdout_rahimabad
S14803,holdout_rahimabad
S14805,holdout_rahimabad
S14809,holdout_rahimabad
S14815,holdout_rahimabad
S14818,holdout_rahimabad
S14819,holdout_rahimabad
S14822,holdout_rahimabad
S14823,holdout_rahimabad
S14825,holdout_rahimabad
S14826,holdout_rahimabad
S14832,holdout_rahimabad
S14837,holdout_rahimabad
S14846,holdout_rahimabad
S14857,holdout_rahimabad
S14859,holdout_rahimabad
S14860,holdout_rahimabad
S14866,holdout_rahimabad
S14867,holdout_rahimabad
S14873,holdout_rahimabad
S14876,holdout_rahimabad
S14887,holdout_rahimabad
S14888,holdout_rahimabad
S14894,holdout_rahimabad
S14896,holdout_rahimabad
S14897,holdout_rahimabad
S14901,holdout_rahimabad
S14903,holdout_rahimabad
S14904,holdout_rahimabad
S14911,holdout_rahimabad
S14913,holdout_rahimabad
S14917,holdout_rahimabad
S14922,holdout_rahimabad
S14923,holdout_rahimabad
S14924,holdout_rahimabad
S14929,holdout_rahimabad
S14932,holdout_rahimabad
S14935,holdout_rahimabad
S14936,holdout_rahimabad
S14942,holdout_rahimabad
S14943,holdout_rahimabad
S14947,holdout_rahimabad
S14959,holdout_rahimabad
S14960,holdout_rahimabad
S14964,holdout_rahimabad
S14969,holdout_rahimabad
S14970,holdout_rahimabad
S14984,holdout_rahimabad
S14992,holdout_rahimabad
S14998,holdout_rahimabad
S15000,holdout_rahimabad
S15005,holdout_rahimabad
S15018,holdout_rahimabad
S15019,holdout_rahimabad
S15025,holdout_rahimabad
S15032,holdout_rahimabad
S15036,holdout_rahimabad
S15038,holdout_rahimabad
S15044,holdout_rahimabad
S15045,holdout_rahimabad
S15053,holdout_rahimabad
S15060,holdout_rahimabad
S15061,holdout_rahimabad
S15067,holdout_rahimabad
S15070,holdout_rahimabad
S15071,holdout_rahimabad
S15078,holdout_rahimabad
S15079,holdout_rahimabad
S15081,holdout_rahimabad
S15082,holdout_rahimabad
S15083,holdout_rahimabad
S15091,holdout_rahimabad
S15097,holdout_rahimabad
S15100,holdout_rahimabad
S15101,holdout_rahimabad
S15103,holdout_rahimabad
S15104,holdout_rahimabad
S15106,holdout_rahimabad
S15107,holdout_rahimabad
S15108,holdout_rahimabad
S15109,holdout_rahimabad
S15111,holdout_rahimabad
S15112,holdout_rahimabad
S15113,holdout_rahimabad
S15116,holdout_rahimabad
S15123,holdout_rahimabad
S15124,holdout_rahimabad
S15125,holdout_rahimabad
S15128,holdout_rahimabad
S15131,holdout_rahimabad
S15133,holdout_rahimabad
S15139,holdout_rahimabad
S15142,holdout_rahimabad
S15143,holdout_rahimabad
S15145,holdout_rahimabad
S15148,holdout_rahimabad
S15150,holdout_rahimabad
S15157,holdout_rahimabad
S15162,holdout_rahimabad
S15164,holdout_rahimabad
S15165,holdout_rahimabad
S15168,holdout_rahimabad
S15173,holdout_rahimabad
S15175,holdout_rahimabad
S15182,holdout_rahimabad
S15186,holdout_rahimabad
S15188,holdout_rahimabad
S15190,holdout_rahimabad
S15191,holdout_rahimabad
S15195,holdout_rahimabad
S15199,holdout_rahimabad
S15200,holdout_rahimabad
S15201,holdout_rahimabad
S15205,holdout_rahimabad
S15206,holdout_rahimabad
S15209,holdout_rahimabad
S15212,holdout_rahimabad
S15215,holdout_rahimabad
S15217,holdout_rahimabad
S15219,holdout_rahimabad
S15223,holdout_rahimabad
S15231,holdout_rahimabad
S15235,holdout_rahimabad
S15238,holdout_rahimabad
S15245,holdout_rahimabad
S15246,holdout_rahimabad
S15247,holdout_rahimabad
S15251,holdout_rahimabad
S15256,holdout_rahimabad
S15261,holdout_rahimabad
S15262,holdout_rahimabad
S15264,holdout_rahimabad
S15269,holdout_rahimabad
S15276,holdout_rahimabad
S15280,holdout_rahimabad
S15281,holdout_rahimabad
S15283,holdout_rahimabad
S15284,holdout_rahimabad
S15285,holdout_rahimabad
S15287,holdout_rahimabad
S15288,holdout_rahimabad
S15289,holdout_rahimabad
S15290,holdout_rahimabad
S15291,holdout_rahimabad
S15293,holdout_rahimabad
S15294,holdout_rahimabad
S15296,holdout_rahimabad
S15297,holdout_rahimabad
S15299,holdout_rahimabad
S15302,holdout_rahimabad
S15310,holdout_rahimabad
S15315,holdout_rahimabad
S15316,holdout_rahimabad
S15319,holdout_rahimabad
S15321,holdout_rahimabad
S15325,holdout_rahimabad
S15326,holdout_rahimabad
S15327,holdout_rahimabad
S15334,holdout_rahimabad
S15341,holdout_rahimabad
S15342,holdout_rahimabad
S15345,holdout_rahimabad
S15347,holdout_rahimabad
S15351,holdout_rahimabad
S15352,holdout_rahimabad
S15357,holdout_rahimabad
S15358,holdout_rahimabad
S15369,holdout_rahimabad
S15372,holdout_rahimabad
S15374,holdout_rahimabad
S15380,holdout_rahimabad
S15382,holdout_rahimabad
S15384,holdout_rahimabad
S15391,holdout_rahimabad
S15392,holdout_rahimabad
S15395,holdout_rahimabad
S15398,holdout_rahimabad
S15404,holdout_rahimabad
S15406,holdout_rahimabad
S15412,holdout_rahimabad
S15415,holdout_rahimabad
S15422,holdout_rahimabad
S15428,holdout_rahimabad
S15430,holdout_rahimabad
S15431,holdout_rahimabad
S15441,holdout_rahimabad
S15442,holdout_rahimabad
S15446,holdout_rahimabad
S15450,holdout_rahimabad
S15454,holdout_rahimabad
S15455,holdout_rahimabad
S15456,holdout_rahimabad
S15458,holdout_rahimabad
S15463,holdout_rahimabad
S15469,holdout_rahimabad
S15475,holdout_rahimabad
S15476,holdout_rahimabad
S15485,holdout_rahimabad
S15487,holdout_rahimabad
S15501,holdout_rahimabad
S15506,holdout_rahimabad
S15514,holdout_rahimabad
S15515,holdout_rahimabad
S15517,holdout_rahimabad
S15521,holdout_rahimabad
S15528,holdout_rahimabad
S15529,holdout_rahimabad
S15533,holdout_rahimabad
S15544,holdout_rahimabad
S15546,holdout_rahimabad
S15550,holdout_rahimabad
S15558,holdout_rahimabad
S15562,holdout_rahimabad
S15563,holdout_rahimabad
S15569,holdout_rahimabad
S15570,holdout_rahimabad
S15574,holdout_rahimabad
S15588,holdout_rahimabad
S15589,holdout_rahimabad
S15592,holdout_rahimabad
S15594,holdout_rahimabad
S15595,holdout_rahimabad
S15604,holdout_rahimabad
S15614,holdout_rahimabad
S15618,holdout_rahimabad
S15623,holdout_rahimabad
S15639,holdout_rahimabad
S15640,holdout_rahimabad
S15643,holdout_rahimabad
S15653,holdout_rahimabad
S15655,holdout_rahimabad
S15657,holdout_rahimabad
S15658,holdout_rahimabad
S15662,holdout_rahimabad
S15666,holdout_rahimabad
S15667,holdout_rahimabad
S15676,holdout_rahimabad
S15678,holdout_rahimabad
S15681,holdout_rahimabad
S15682,holdout_rahimabad
S15687,holdout_rahimabad
S15690,holdout_rahimabad
S15695,holdout_rahimabad
S15696,holdout_rahimabad
S15697,holdout_rahimabad
S15699,holdout_rahimabad
S15700,holdout_rahimabad
S15702,holdout_rahimabad
S15703,holdout_rahimabad
S15704,holdout_rahimabad
S15706,holdout_rahimabad
S15709,holdout_rahimabad
S15717,holdout_rahimabad
S15723,holdout_rahimabad
S15729,holdout_rahimabad
S15746,holdout_rahimabad
S15747,holdout_rahimabad
S15754,holdout_rahimabad
S15756,holdout_rahimabad
S15759,holdout_rahimabad
S15767,holdout_rahimabad
S15769,holdout_rahimabad
S15775,holdout_rahimabad
S15780,holdout_rahimabad
S15781,holdout_rahimabad
S15783,holdout_rahimabad
S15785,holdout_rahimabad
S15786,holdout_rahimabad
S15787,holdout_rahimabad
S15790,holdout_rahimabad
S15801,holdout_rahimabad
S15802,holdout_rahimabad
S15817,holdout_rahimabad
S15825,holdout_rahimabad
S15827,holdout_rahimabad
S15833,holdout_rahimabad
S15834,holdout_rahimabad
S15838,holdout_rahimabad
S15839,holdout_rahimabad
S15841,holdout_rahimabad
S15843,holdout_rahimabad
S15849,holdout_rahimabad
S15852,holdout_rahimabad
S15854,holdout_rahimabad
S15859,holdout_rahimabad
S15862,holdout_rahimabad
S15863,holdout_rahimabad
S15865,holdout_rahimabad
S15867,holdout_rahimabad
S15870,holdout_rahimabad
S15874,holdout_rahimabad
S15876,holdout_rahimabad
S15877,holdout_rahimabad
S15891,holdout_rahimabad
S15899,holdout_rahimabad
S15902,holdout_rahimabad
S15905,holdout_rahimabad
S15907,holdout_rahimabad
S15913,holdout_rahimabad
S15919,holdout_rahimabad
S15926,holdout_rahimabad
S15929,holdout_rahimabad
S15930,holdout_rahimabad
S15933,holdout_rahimabad
S15939,holdout_rahimabad
S15943,holdout_rahimabad
S15944,holdout_rahimabad
S15948,holdout_rahimabad
S15950,holdout_rahimabad
S15951,holdout_rahimabad
S15952,holdout_rahimabad
S15955,holdout_rahimabad
S15956,holdout_rahimabad
S15958,holdout_rahimabad
S15960,holdout_rahimabad
S15967,holdout_rahimabad
S15970,holdout_rahimabad
S15974,holdout_rahimabad
S15976,holdout_rahimabad
S15980,holdout_rahimabad
S15998,holdout_rahimabad
S16002,holdout_rahimabad
S16007,holdout_rahimabad
S16009,holdout_rahimabad
S16013,holdout_rahimabad
S16014,holdout_rahimabad
S16016,holdout_rahimabad
S16018,holdout_rahimabad
S16020,holdout_rahimabad
S16028,holdout_rahimabad
S16029,holdout_rahimabad
S16032,holdout_rahimabad
S16034,holdout_rahimabad
S16036,holdout_rahimabad
S16038,holdout_rahimabad
S16039,holdout_rahimabad
S16040,holdout_rahimabad
S16041,holdout_rahimabad
S16042,holdout_rahimabad
S16046,holdout_rahimabad
S16059,holdout_rahimabad
S16062,holdout_rahimabad
S16064,holdout_rahimabad
S16070,holdout_rahimabad
S16073,holdout_rahimabad
S16075,holdout_rahimabad
S16076,holdout_rahimabad
S16078,holdout_rahimabad
S16079,holdout_rahimabad
S16085,holdout_rahimabad
S16088,holdout_rahimabad
S16090,holdout_rahimabad
S16092,holdout_rahimabad
S16097,holdout_rahimabad
S16098,holdout_rahimabad
S16101,holdout_rahimabad
S16102,holdout_rahimabad
S16103,holdout_rahimabad
S16109,holdout_rahimabad
S16110,holdout_rahimabad
S16116,holdout_rahimabad
S16119,holdout_rahimabad
S16123,holdout_rahimabad
S16125,holdout_rahimabad
S16132,holdout_rahimabad
S16134,holdout_rahimabad
S16143,holdout_rahimabad
S16147,holdout_rahimabad
S16148,holdout_rahimabad
S16149,holdout_rahimabad
S16154,holdout_rahimabad
S16158,holdout_rahimabad
S16159,holdout_rahimabad
S16161,holdout_rahimabad
S16163,holdout_rahimabad
S16166,holdout_rahimabad
S16168,holdout_rahimabad
S16172,holdout_rahimabad
S16173,holdout_rahimabad
S16175,holdout_rahimabad
S16176,holdout_rahimabad
S16186,holdout_rahimabad
S16188,holdout_rahimabad
S16190,holdout_rahimabad
S16196,holdout_rahimabad
S16207,holdout_rahimabad
S16212,holdout_rahimabad
S16220,holdout_rahimabad
S16221,holdout_rahimabad
S16225,holdout_rahimabad
S16227,holdout_rahimabad
S16235,holdout_rahimabad
S16237,holdout_rahimabad
S16239,holdout_rahimabad
S16240,holdout_rahimabad
S16252,holdout_rahimabad
S16255,holdout_rahimabad
S16257,holdout_rahimabad
S16261,holdout_rahimabad
S16264,holdout_rahimabad
S16267,holdout_rahimabad
S16269,holdout_rahimabad
S16270,holdout_rahimabad
S16281,holdout_rahimabad
S16290,holdout_rahimabad
S16291,holdout_rahimabad
S16302,holdout_rahimabad
S16303,holdout_rahimabad
S16305,holdout_rahimabad
S16310,holdout_rahimabad
S16312,holdout_rahimabad
S16315,holdout_rahimabad
S16320,holdout_rahimabad
S16321,holdout_rahimabad
S16322,holdout_rahimabad
S16327,holdout_rahimabad
S16331,holdout_rahimabad
S16333,holdout_rahimabad
S16336,holdout_rahimabad
S16339,holdout_rahimabad
S16342,holdout_rahimabad
S16344,holdout_rahimabad
S16346,holdout_rahimabad
S16352,holdout_rahimabad
S16353,holdout_rahimabad
S16354,holdout_rahimabad
S16358,holdout_rahimabad
S16359,holdout_rahimabad
S16365,holdout_rahimabad
S16367,holdout_rahimabad
S16375,holdout_rahimabad
S16380,holdout_rahimabad
S16384,holdout_rahimabad
S16387,holdout_rahimabad
S16389,holdout_rahimabad
S16396,holdout_rahimabad
S16397,holdout_rahimabad
S16403,holdout_rahimabad
S16405,holdout_rahimabad
S16408,holdout_rahimabad
S16410,holdout_rahimabad
S16421,holdout_rahimabad
S16427,holdout_rahimabad
S16428,holdout_rahimabad
S16429,holdout_rahimabad
S16432,holdout_rahimabad
S16436,holdout_rahimabad
S16437,holdout_rahimabad
S16442,holdout_rahimabad
S16443,holdout_rahimabad
S16445,holdout_rahimabad
S16449,holdout_rahimabad
S16450,holdout_rahimabad
S16453,holdout_rahimabad
S16459,holdout_rahimabad
S16460,holdout_rahimabad
S16461,holdout_rahimabad
S16463,holdout_rahimabad
S16464,holdout_rahimabad
S16465,holdout_rahimabad
S16469,holdout_rahimabad
S16482,holdout_rahimabad
S16489,holdout_rahimabad
S16492,holdout_rahimabad
S16493,holdout_rahimabad
S16500,holdout_rahimabad
S16503,holdout_rahimabad
S16510,holdout_rahimabad
S16513,holdout_rahimabad
S16515,holdout_rahimabad
S16517,holdout_rahimabad
S16521,holdout_rahimabad
S16526,holdout_rahimabad
S16530,holdout_rahimabad
S16531,holdout_rahimabad
S16533,holdout_rahimabad
S16540,holdout_rahimabad
S16541,holdout_rahimabad
S16546,holdout_rahimabad
S16549,holdout_rahimabad
S16550,holdout_rahimabad
S16553,holdout_rahimabad
S16555,holdout_rahimabad
S16566,holdout_rahimabad
S16573,holdout_rahimabad
S16574,holdout_rahimabad
S16585,holdout_rahimabad
S16591,holdout_rahimabad
S16592,holdout_rahimabad
S16593,holdout_rahimabad
S16599,holdout_rahimabad
S16610,holdout_rahimabad
S16611,holdout_rahimabad
S16620,holdout_rahimabad
S16622,holdout_rahimabad
S16624,holdout_rahimabad
S16627,holdout_rahimabad
S16631,holdout_rahimabad
S16633,holdout_rahimabad
S16638,holdout_rahimabad
S16650,holdout_rahimabad
S16658,holdout_rahimabad
S16662,holdout_rahimabad
S16663,holdout_rahimabad
S16666,holdout_rahimabad
S16667,holdout_rahimabad
S16669,holdout_rahimabad
S16671,holdout_rahimabad
S16672,holdout_rahimabad
S16674,holdout_rahimabad
S16676,holdout_rahimabad
S16678,holdout_rahimabad
S16684,holdout_rahimabad
S16687,holdout_rahimabad
S16689,holdout_rahimabad
S16690,holdout_rahimabad
S16696,holdout_rahimabad
S16698,holdout_rahimabad
S16699,holdout_rahimabad
S16705,holdout_rahimabad
S16711,holdout_rahimabad
S16714,holdout_rahimabad
S16733,holdout_rahimabad
S16735,holdout_rahimabad
S16736,holdout_rahimabad
S16740,holdout_rahimabad
S16741,holdout_rahimabad
S16743,holdout_rahimabad
S16754,holdout_rahimabad
S16759,holdout_rahimabad
S16760,holdout_rahimabad
S16762,holdout_rahimabad
S16763,holdout_rahimabad
S16766,holdout_rahimabad
S16767,holdout_rahimabad
S16778,holdout_rahimabad
S16780,holdout_rahimabad
S16784,holdout_rahimabad
S16789,holdout_rahimabad
S16794,holdout_rahimabad
S16801,holdout_rahimabad
S16813,holdout_rahimabad
S16814,holdout_rahimabad
S16816,holdout_rahimabad
S16818,holdout_rahimabad
S16823,holdout_rahimabad
S16825,holdout_rahimabad
S16835,holdout_rahimabad
S16836,holdout_rahimabad
S16838,holdout_rahimabad
S16849,holdout_rahimabad
S16854,holdout_rahimabad
S16856,holdout_rahimabad
S16860,holdout_rahimabad
S16866,holdout_rahimabad
S16879,holdout_rahimabad
S16887,holdout_rahimabad
S16890,holdout_rahimabad
S16891,holdout_rahimabad
S16892,holdout_rahimabad
S16903,holdout_rahimabad
S16905,holdout_rahimabad
S16908,holdout_rahimabad
S16912,holdout_rahimabad
S16913,holdout_rahimabad
S16918,holdout_rahimabad
S16920,holdout_rahimabad
S16921,holdout_rahimabad
S16923,holdout_rahimabad
S16924,holdout_rahimabad
S16928,holdout_rahimabad
S16930,holdout_rahimabad
S16935,holdout_rahimabad
S16937,holdout_rahimabad
S16939,holdout_rahimabad
S16947,holdout_rahimabad
S16949,holdout_rahimabad
S16951,holdout_rahimabad
S16957,holdout_rahimabad
S16962,holdout_rahimabad
S16964,holdout_rahimabad
S16965,holdout_rahimabad
S16968,holdout_rahimabad
S16972,holdout_rahimabad
S16978,holdout_rahimabad
S16979,holdout_rahimabad
S16980,holdout_rahimabad
S16981,holdout_rahimabad
S16996,holdout_rahimabad
S16997,holdout_rahimabad
S17002,holdout_rahimabad
S17004,holdout_rahimabad
S17007,holdout_rahimabad
S17009,holdout_rahimabad
S17012,holdout_rahimabad
S17013,holdout_rahimabad
S17018,holdout_rahimabad
S17019,holdout_rahimabad
S17024,holdout_rahimabad
S17025,holdout_rahimabad
S17027,holdout_rahimabad
S17029,holdout_rahimabad
S17038,holdout_rahimabad
S17042,holdout_rahimabad
S17046,holdout_rahimabad
S17050,holdout_rahimabad
S17055,holdout_rahimabad
S17060,holdout_rahimabad
S17072,holdout_rahimabad
S17075,holdout_rahimabad
S17082,holdout_rahimabad
S17107,holdout_rahimabad
S17108,holdout_rahimabad
S17115,holdout_rahimabad
S17119,holdout_rahimabad
S17123,holdout_rahimabad
S17131,holdout_rahimabad
S17133,holdout_rahimabad
S17139,holdout_rahimabad
S17145,holdout_rahimabad
S17151,holdout_rahimabad
S17159,holdout_rahimabad
S17168,holdout_rahimabad
S17178,holdout_rahimabad
S17184,holdout_rahimabad
S17187,holdout_rahimabad
S17191,holdout_rahimabad
S17192,holdout_rahimabad
S17194,holdout_rahimabad
S17195,holdout_rahimabad
S17197,holdout_rahimabad
S17210,holdout_rahimabad
S17220,holdout_rahimabad
S17225,holdout_rahimabad
S17226,holdout_rahimabad
S17247,holdout_rahimabad
S17249,holdout_rahimabad
S17253,holdout_rahimabad
S17254,holdout_rahimabad
S17256,holdout_rahimabad
S17258,holdout_rahimabad
S17260,holdout_rahimabad
S17262,holdout_rahimabad
S17263,holdout_rahimabad
S17270,holdout_rahimabad
S17274,holdout_rahimabad
S17276,holdout_rahimabad
S17277,holdout_rahimabad
S17280,holdout_rahimabad
S17288,holdout_rahimabad
S17289,holdout_rahimabad
S17292,holdout_rahimabad
S17295,holdout_rahimabad
S17297,holdout_rahimabad
S17303,holdout_rahimabad
S17307,holdout_rahimabad
S17308,holdout_rahimabad
S17318,holdout_rahimabad
S17319,holdout_rahimabad
S17326,holdout_rahimabad
S17330,holdout_rahimabad
S17343,holdout_rahimabad
S17350,holdout_rahimabad
S17353,holdout_rahimabad
S17354,holdout_rahimabad
S17358,holdout_rahimabad
S17362,holdout_rahimabad
S17363,holdout_rahimabad
S17367,holdout_rahimabad
S17378,holdout_rahimabad
S17379,holdout_rahimabad
S17380,holdout_rahimabad
S17384,holdout_rahimabad
S17385,holdout_rahimabad
S17393,holdout_rahimabad
S17397,holdout_rahimabad
S17400,holdout_rahimabad
S17401,holdout_rahimabad
S17403,holdout_rahimabad
S17405,holdout_rahimabad
S17406,holdout_rahimabad
S17410,holdout_rahimabad
S17412,holdout_rahimabad
S17419,holdout_rahimabad
S17420,holdout_rahimabad
S17424,holdout_rahimabad
S17428,holdout_rahimabad
S17429,holdout_rahimabad
S17434,holdout_rahimabad
S17437,holdout_rahimabad
S17439,holdout_rahimabad
S17442,holdout_rahimabad
S17443,holdout_rahimabad
S17444,holdout_rahimabad
S17449,holdout_rahimabad
S17469,holdout_rahimabad
S17473,holdout_rahimabad
S17474,holdout_rahimabad
S17475,holdout_rahimabad
S17476,holdout_rahimabad
S17479,holdout_rahimabad
S17484,holdout_rahimabad
S17485,holdout_rahimabad
S17489,holdout_rahimabad
S17493,holdout_rahimabad
S17495,holdout_rahimabad
S17497,holdout_rahimabad
S17498,holdout_rahimabad
S17500,holdout_rahimabad
S17505,holdout_rahimabad
S17506,holdout_rahimabad
S17509,holdout_rahimabad
S17511,holdout_rahimabad
S17512,holdout_rahimabad
S17515,holdout_rahimabad
S17526,holdout_rahimabad
S17529,holdout_rahimabad
S17532,holdout_rahimabad
S17533,holdout_rahimabad
S17547,holdout_rahimabad
S17550,holdout_rahimabad
S17553,holdout_rahimabad
S17557,holdout_rahimabad
S17563,holdout_rahimabad
S17564,holdout_rahimabad
S17576,holdout_rahimabad
S17578,holdout_rahimabad
S17583,holdout_rahimabad
S17587,holdout_rahimabad
S17593,holdout_rahimabad
S17595,holdout_rahimabad
S17596,holdout_rahimabad
S17598,holdout_rahimabad
S17604,holdout_rahimabad
S17613,holdout_rahimabad
S17620,holdout_rahimabad
S17621,holdout_rahimabad
S17622,holdout_rahimabad
S17624,holdout_rahimabad
S17629,holdout_rahimabad
S17630,holdout_rahimabad
S17635,holdout_rahimabad
S17637,holdout_rahimabad
S17640,holdout_rahimabad
S17649,holdout_rahimabad
S17650,holdout_rahimabad
S17651,holdout_rahimabad
S17654,holdout_rahimabad
S17658,holdout_rahimabad
S17663,holdout_rahimabad
S17664,holdout_rahimabad
S17665,holdout_rahimabad
S17669,holdout_rahimabad
S17673,holdout_rahimabad
S17675,holdout_rahimabad
S17677,holdout_rahimabad
S17678,holdout_rahimabad
S17681,holdout_rahimabad
S17687,holdout_rahimabad
S17691,holdout_rahimabad
S17696,holdout_rahimabad
S17700,holdout_rahimabad
S17701,holdout_rahimabad
S17702,holdout_rahimabad
S17703,holdout_rahimabad
S17709,holdout_rahimabad
S17710,holdout_rahimabad
S17718,holdout_rahimabad
S17720,holdout_rahimabad
S17724,holdout_rahimabad
S17726,holdout_rahimabad
S17727,holdout_rahimabad
S17728,holdout_rahimabad
S17730,holdout_rahimabad
S17731,holdout_rahimabad
S17732,holdout_rahimabad
S17734,holdout_rahimabad
S17737,holdout_rahimabad
S17744,holdout_rahimabad
S17748,holdout_rahimabad
S17751,holdout_rahimabad
S17756,holdout_rahimabad
S17759,holdout_rahimabad
S17762,holdout_rahimabad
S17770,holdout_rahimabad
S17771,holdout_rahimabad
S17772,holdout_rahimabad
S17774,holdout_rahimabad
S17781,holdout_rahimabad
S17786,holdout_rahimabad
S17787,holdout_rahimabad
S17791,holdout_rahimabad
S17793,holdout_rahimabad
S17794,holdout_rahimabad
S17797,holdout_rahimabad
S17807,holdout_rahimabad
S17809,holdout_rahimabad
S17815,holdout_rahimabad
S17817,holdout_rahimabad
S17844,holdout_rahimabad
S17846,holdout_rahimabad
S17847,holdout_rahimabad
S17851,holdout_rahimabad
S17852,holdout_rahimabad
S17854,holdout_rahimabad
S17856,holdout_rahimabad
S17863,holdout_rahimabad
S17872,holdout_rahimabad
S17873,holdout_rahimabad
S17878,holdout_rahimabad
S17881,holdout_rahimabad
S17886,holdout_rahimabad
S17888,holdout_rahimabad
S17891,holdout_rahimabad
S17900,holdout_rahimabad
S17904,holdout_rahimabad
S17907,holdout_rahimabad
S17913,holdout_rahimabad
S17921,holdout_rahimabad
S17922,holdout_rahimabad
S17925,holdout_rahimabad
S17931,holdout_rahimabad
S17937,holdout_rahimabad
S17938,holdout_rahimabad
S17939,holdout_rahimabad
S17945,holdout_rahimabad
S17946,holdout_rahimabad
S17948,holdout_rahimabad
S17951,holdout_rahimabad
S17952,holdout_rahimabad
S17953,holdout_rahimabad
S17954,holdout_rahimabad
S17955,holdout_rahimabad
S17960,holdout_rahimabad
S17962,holdout_rahimabad
S17966,holdout_rahimabad
S17972,holdout_rahimabad
S17974,holdout_rahimabad
S17975,holdout_rahimabad
S17976,holdout_rahimabad
S17988,holdout_rahimabad
S17989,holdout_rahimabad
S17991,holdout_rahimabad
S17993,holdout_rahimabad
S17996,holdout_rahimabad
S18000,holdout_rahimabad
S18001,holdout_rahimabad
S18005,holdout_rahimabad
S18010,holdout_rahimabad
S18012,holdout_rahimabad
S18015,holdout_rahimabad
S18016,holdout_rahimabad
S18019,holdout_rahimabad
S18021,holdout_rahimabad
S18022,holdout_rahimabad
S18023,holdout_rahimabad
S18024,holdout_rahimabad
S18026,holdout_rahimabad
S18028,holdout_rahimabad
S18031,holdout_rahimabad
S18032,holdout_rahimabad
S18038,holdout_rahimabad
S18039,holdout_rahimabad
S18046,holdout_rahimabad
S18051,holdout_rahimabad
S18052,holdout_rahimabad
S18055,holdout_rahimabad
S18058,holdout_rahimabad
S18060,holdout_rahimabad
S18062,holdout_rahimabad
S18069,holdout_rahimabad
S18075,holdout_rahimabad
S18079,holdout_rahimabad
S18081,holdout_rahimabad
S18083,holdout_rahimabad
S18087,holdout_rahimabad
S18088,holdout_rahimabad
S18099,holdout_rahimabad
S18104,holdout_rahimabad
S18105,holdout_rahimabad
S18110,holdout_rahimabad
S18112,holdout_rahimabad
S18118,holdout_rahimabad
S18127,holdout_rahimabad
S18128,holdout_rahimabad
S18130,holdout_rahimabad
S18132,holdout_rahimabad
S18134,holdout_rahimabad
S18145,holdout_rahimabad
S18149,holdout_rahimabad
S18153,holdout_rahimabad
S18157,holdout_rahimabad
S18161,holdout_rahimabad
S18164,holdout_rahimabad
S18176,holdout_rahimabad
S18180,holdout_rahimabad
S18192,holdout_rahimabad
S18195,holdout_rahimabad
S18201,holdout_rahimabad
S18206,holdout_rahimabad
S18207,holdout_rahimabad
S18209,holdout_rahimabad
S18214,holdout_rahimabad
S18216,holdout_rahimabad
S18217,holdout_rahimabad
S18223,holdout_rahimabad
S18226,holdout_rahimabad
S18233,holdout_rahimabad
S18239,holdout_rahimabad
S18240,holdout_rahimabad
S18249,holdout_rahimabad
S18251,holdout_rahimabad
S18256,holdout_rahimabad
S18263,holdout_rahimabad
S18274,holdout_rahimabad
S18275,holdout_rahimabad
S18280,holdout_rahimabad
S18283,holdout_rahimabad
S18287,holdout_rahimabad
S18293,holdout_rahimabad
S18299,holdout_rahimabad
S18303,holdout_rahimabad
S18304,holdout_rahimabad
S18306,holdout_rahimabad
S18308,holdout_rahimabad
S18313,holdout_rahimabad
S18323,holdout_rahimabad
S18328,holdout_rahimabad
S18331,holdout_rahimabad
S18332,holdout_rahimabad
S18333,holdout_rahimabad
S18336,holdout_rahimabad
S18342,holdout_rahimabad
S18343,holdout_rahimabad
S18349,holdout_rahimabad
S18350,holdout_rahimabad
S18356,holdout_rahimabad
S18372,holdout_rahimabad
S18376,holdout_rahimabad
S18377,holdout_rahimabad
S18378,holdout_rahimabad
S18380,holdout_rahimabad
S18395,holdout_rahimabad
S18396,holdout_rahimabad
S18402,holdout_rahimabad
S18406,holdout_rahimabad
S18407,holdout_rahimabad
S18409,holdout_rahimabad
S18410,holdout_rahimabad
S18411,holdout_rahimabad
S18417,holdout_rahimabad
S18418,holdout_rahimabad
S18422,holdout_rahimabad
S18425,holdout_rahimabad
S18431,holdout_rahimabad
S18438,holdout_rahimabad
S18442,holdout_rahimabad
S18443,holdout_rahimabad
S18452,holdout_rahimabad
S18454,holdout_rahimabad
S18458,holdout_rahimabad
S18467,holdout_rahimabad
S18468,holdout_rahimabad
S18477,holdout_rahimabad
S18479,holdout_rahimabad
S18484,holdout_rahimabad
S18496,holdout_rahimabad
S18500,holdout_rahimabad
S18506,holdout_rahimabad
S18510,holdout_rahimabad
S18515,holdout_rahimabad
S18516,holdout_rahimabad
S18517,holdout_rahimabad
S18520,holdout_rahimabad
S18531,holdout_rahimabad
S18532,holdout_rahimabad
S18537,holdout_rahimabad
S18539,holdout_rahimabad
S18540,holdout_rahimabad
S18541,holdout_rahimabad
S18542,holdout_rahimabad
S18543,holdout_rahimabad
S18544,holdout_rahimabad
S18547,holdout_rahimabad
S18553,holdout_rahimabad
S18558,holdout_rahimabad
S18569,holdout_rahimabad
S18571,holdout_rahimabad
S18573,holdout_rahimabad
S18575,holdout_rahimabad
S18587,holdout_rahimabad
S18595,holdout_rahimabad
S18598,holdout_rahimabad
S18600,holdout_rahimabad
S18615,holdout_rahimabad
S18616,holdout_rahimabad
S18617,holdout_rahimabad
S18624,holdout_rahimabad
S18626,holdout_rahimabad
S18629,holdout_rahimabad
S18641,holdout_rahimabad
S18643,holdout_rahimabad
S18653,holdout_rahimabad
S18657,holdout_rahimabad
S18667,holdout_rahimabad
S18670,holdout_rahimabad
S18675,holdout_rahimabad
S18676,holdout_rahimabad
S18687,holdout_rahimabad
S18689,holdout_rahimabad
S18690,holdout_rahimabad
S18691,holdout_rahimabad
S18694,holdout_rahimabad
S18697,holdout_rahimabad
S18699,holdout_rahimabad
S18700,holdout_rahimabad
S18711,holdout_rahimabad
S18712,holdout_rahimabad
S18720,holdout_rahimabad
S18722,holdout_rahimabad
S18730,holdout_rahimabad
S18734,holdout_rahimabad
S18738,holdout_rahimabad
S18739,holdout_rahimabad
S18742,holdout_rahimabad
S18746,holdout_rahimabad
S18751,holdout_rahimabad
S18758,holdout_rahimabad
S18760,holdout_rahimabad
S18761,holdout_rahimabad
S18762,holdout_rahimabad
S18770,holdout_rahimabad
S18772,holdout_rahimabad
S18775,holdout_rahimabad
S18778,holdout_rahimabad
S18788,holdout_rahimabad
S18789,holdout_rahimabad
S18793,holdout_rahimabad
S18795,holdout_rahimabad
S18809,holdout_rahimabad
S18810,holdout_rahimabad
S18815,holdout_rahimabad
S18822,holdout_rahimabad
S18825,holdout_rahimabad
S18829,holdout_rahimabad
S18833,holdout_rahimabad
S18838,holdout_rahimabad
S18840,holdout_rahimabad
S18850,holdout_rahimabad
S18851,holdout_rahimabad
S18853,holdout_rahimabad
S18855,holdout_rahimabad
S18861,holdout_rahimabad
S18864,holdout_rahimabad
S18872,holdout_rahimabad
S18873,holdout_rahimabad
S18874,holdout_rahimabad
S18875,holdout_rahimabad
S18885,holdout_rahimabad
S18890,holdout_rahimabad
S18892,holdout_rahimabad
S18897,holdout_rahimabad
S18898,holdout_rahimabad
S18899,holdout_rahimabad
S18906,holdout_rahimabad
S18909,holdout_rahimabad
S18912,holdout_rahimabad
S18916,holdout_rahimabad
S18917,holdout_rahimabad
S18924,holdout_rahimabad
S18925,holdout_rahimabad
S18933,holdout_rahimabad
S18934,holdout_rahimabad
S18940,holdout_rahimabad
S18941,holdout_rahimabad
S18948,holdout_rahimabad
S18961,holdout_rahimabad
S18964,holdout_rahimabad
S18966,holdout_rahimabad
S18971,holdout_rahimabad
S18988,holdout_rahimabad
S18989,holdout_rahimabad
S18990,holdout_rahimabad
S18994,holdout_rahimabad
S18996,holdout_rahimabad
S18997,holdout_rahimabad
S19004,holdout_rahimabad
S19008,holdout_rahimabad
S19015,holdout_rahimabad
S19017,holdout_rahimabad
S19027,holdout_rahimabad
S19047,holdout_rahimabad
S19048,holdout_rahimabad
S19059,holdout_rahimabad
S19065,holdout_rahimabad
S19067,holdout_rahimabad
S19069,holdout_rahimabad
S19070,holdout_rahimabad
S19078,holdout_rahimabad
S19079,holdout_rahimabad
S19087,holdout_rahimabad
S19094,holdout_rahimabad
S19102,holdout_rahimabad
S19103,holdout_rahimabad
S19119,holdout_rahimabad
S19121,holdout_rahimabad
S19132,holdout_rahimabad
S19133,holdout_rahimabad
S19144,holdout_rahimabad
S19153,holdout_rahimabad
S19156,holdout_rahimabad
S19160,holdout_rahimabad
S19162,holdout_rahimabad
S19170,holdout_rahimabad
S19179,holdout_rahimabad
S19184,holdout_rahimabad
S19185,holdout_rahimabad
S19187,holdout_rahimabad
S19188,holdout_rahimabad
S19191,holdout_rahimabad
S19193,holdout_rahimabad
S19195,holdout_rahimabad
S19199,holdout_rahimabad
S19205,holdout_rahimabad
S19207,holdout_rahimabad
S19213,holdout_rahimabad
S19217,holdout_rahimabad
S19220,holdout_rahimabad
S19227,holdout_rahimabad
S19231,holdout_rahimabad
S19236,holdout_rahimabad
S19237,holdout_rahimabad
S19239,holdout_rahimabad
S19243,holdout_rahimabad
S19244,holdout_rahimabad
S19247,holdout_rahimabad
S19259,holdout_rahimabad
S19268,holdout_rahimabad
S19269,holdout_rahimabad
S19282,holdout_rahimabad
S19284,holdout_rahimabad
S19289,holdout_rahimabad
S19290,holdout_rahimabad
S19291,holdout_rahimabad
S19296,holdout_rahimabad
S19302,holdout_rahimabad
S19304,holdout_rahimabad
S19309,holdout_rahimabad
S19313,holdout_rahimabad
S19316,holdout_rahimabad
S19324,holdout_rahimabad
S19325,holdout_rahimabad
S19331,holdout_rahimabad
S19333,holdout_rahimabad
S19337,holdout_rahimabad
S19344,holdout_rahimabad
S19345,holdout_rahimabad
S19347,holdout_rahimabad
S19348,holdout_rahimabad
S19351,holdout_rahimabad
S19354,holdout_rahimabad
S19362,holdout_rahimabad
S19368,holdout_rahimabad
S19371,holdout_rahimabad
S19375,holdout_rahimabad
S19376,holdout_rahimabad
S19380,holdout_rahimabad
S19387,holdout_rahimabad
S19389,holdout_rahimabad
S19390,holdout_rahimabad
S19398,holdout_rahimabad
S19410,holdout_rahimabad
S19412,holdout_rahimabad
S19414,holdout_rahimabad
S19415,holdout_rahimabad
S19421,holdout_rahimabad
S19433,holdout_rahimabad
S19434,holdout_rahimabad
S19436,holdout_rahimabad
S19438,holdout_rahimabad
S19440,holdout_rahimabad
S19449,holdout_rahimabad
S19451,holdout_rahimabad
S19453,holdout_rahimabad
S19454,holdout_rahimabad
S19457,holdout_rahimabad
S19459,holdout_rahimabad
S19460,holdout_rahimabad
S19466,holdout_rahimabad
S19475,holdout_rahimabad
S19478,holdout_rahimabad
S19481,holdout_rahimabad
S19482,holdout_rahimabad
S19488,holdout_rahimabad
S19494,holdout_rahimabad
S19498,holdout_rahimabad
S19506,holdout_rahimabad
S19507,holdout_rahimabad
S19510,holdout_rahimabad
S19516,holdout_rahimabad
S19517,holdout_rahimabad
S19521,holdout_rahimabad
S19522,holdout_rahimabad
S19527,holdout_rahimabad
S19534,holdout_rahimabad
S19535,holdout_rahimabad
S19538,holdout_rahimabad
S19546,holdout_rahimabad
S19552,holdout_rahimabad
S19554,holdout_rahimabad
S19555,holdout_rahimabad
S19556,holdout_rahimabad
S19558,holdout_rahimabad
S19561,holdout_rahimabad
S19563,holdout_rahimabad
S19564,holdout_rahimabad
S19568,holdout_rahimabad
S19572,holdout_rahimabad
S19576,holdout_rahimabad
S19580,holdout_rahimabad
S19582,holdout_rahimabad
S19584,holdout_rahimabad
S19585,holdout_rahimabad
S19591,holdout_rahimabad
S19596,holdout_rahimabad
S19609,holdout_rahimabad
S19623,holdout_rahimabad
S19624,holdout_rahimabad
S19627,holdout_rahimabad
S19632,holdout_rahimabad
S19636,holdout_rahimabad
S19638,holdout_rahimabad
S19641,holdout_rahimabad
S19645,holdout_rahimabad
S19646,holdout_rahimabad
S19647,holdout_rahimabad
S19651,holdout_rahimabad
S19658,holdout_rahimabad
S19666,holdout_rahimabad
S19669,holdout_rahimabad
S19675,holdout_rahimabad
S19676,holdout_rahimabad
S19677,holdout_rahimabad
S19679,holdout_rahimabad
S19684,holdout_rahimabad
S19689,holdout_rahimabad
S19690,holdout_rahimabad
S19705,holdout_rahimabad
S19707,holdout_rahimabad
S19711,holdout_rahimabad
S19717,holdout_rahimabad
S19719,holdout_rahimabad
S19725,holdout_rahimabad
S19728,holdout_rahimabad
S19731,holdout_rahimabad
S19733,holdout_rahimabad
S19734,holdout_rahimabad
S19736,holdout_rahimabad
S19738,holdout_rahimabad
S19743,holdout_rahimabad
S19746,holdout_rahimabad
S19751,holdout_rahimabad
S19752,holdout_rahimabad
S19755,holdout_rahimabad
S19761,holdout_rahimabad
S19762,holdout_rahimabad
S19766,holdout_rahimabad
S19775,holdout_rahimabad
S19784,holdout_rahimabad
S19787,holdout_rahimabad
S19790,holdout_rahimabad
S19791,holdout_rahimabad
S19798,holdout_rahimabad
S19803,holdout_rahimabad
S19812,holdout_rahimabad
S19813,holdout_rahimabad
S19819,holdout_rahimabad
S19820,holdout_rahimabad
S19824,holdout_rahimabad
S19825,holdout_rahimabad
S19829,holdout_rahimabad
S19833,holdout_rahimabad
S19835,holdout_rahimabad
S19839,holdout_rahimabad
S19843,holdout_rahimabad
S19848,holdout_rahimabad
S19851,holdout_rahimabad
S19856,holdout_rahimabad
S19857,holdout_rahimabad
S19858,holdout_rahimabad
S19859,holdout_rahimabad
S19863,holdout_rahimabad
S19864,holdout_rahimabad
S19871,holdout_rahimabad
S19873,holdout_rahimabad
S19880,holdout_rahimabad
S19883,holdout_rahimabad
S19887,holdout_rahimabad
S19888,holdout_rahimabad
S19889,holdout_rahimabad
S19890,holdout_rahimabad
S19891,holdout_rahimabad
S19901,holdout_rahimabad
S19902,holdout_rahimabad
S19903,holdout_rahimabad
S19907,holdout_rahimabad
S19911,holdout_rahimabad
S19912,holdout_rahimabad
S19913,holdout_rahimabad
S19916,holdout_rahimabad
S19918,holdout_rahimabad
S19920,holdout_rahimabad
S19922,holdout_rahimabad
S19929,holdout_rahimabad
S19930,holdout_rahimabad
S19933,holdout_rahimabad
S19934,holdout_rahimabad
S19935,holdout_rahimabad
S19938,holdout_rahimabad
S19943,holdout_rahimabad
S19948,holdout_rahimabad
S19957,holdout_rahimabad
S19961,holdout_rahimabad
S19962,holdout_rahimabad
S19977,holdout_rahimabad
S19981,holdout_rahimabad
S19982,holdout_rahimabad
S19992,holdout_rahimabad
S19998,holdout_rahimabad
S19999,holdout_rahimabad
